Country,Region,Rank,Score,GDP,Social Support,Health,Year
Switzerland,Western Europe,1.0,7.587,1.39651,1.34951,0.94143,2015
Iceland,Western Europe,2.0,7.561,1.30232,1.40223,0.94784,2015
Denmark,Western Europe,3.0,7.527,1.32548,1.36058,0.87464,2015
Norway,Western Europe,4.0,7.522,1.459,1.33095,0.88521,2015
Canada,North America,5.0,7.427,1.32629,1.32261,0.90563,2015
Finland,Western Europe,6.0,7.406,1.29025,1.31826,0.88911,2015
Netherlands,Western Europe,7.0,7.378,1.32944,1.28017,0.89284,2015
Sweden,Western Europe,8.0,7.364,1.33171,1.28907,0.91087,2015
New Zealand,Australia and New Zealand,9.0,7.286,1.25018,1.31967,0.90837,2015
Australia,Australia and New Zealand,10.0,7.284,1.33358,1.30923,0.93156,2015
Israel,Middle East and North Africa,11.0,7.278,1.22857,1.22393,0.91387,2015
Costa Rica,Latin America and Caribbean,12.0,7.226,0.95578,1.23788,0.86027,2015
Austria,Western Europe,13.0,7.2,1.33723,1.29704,0.89042,2015
Mexico,Latin America and Caribbean,14.0,7.187,1.02054,0.91451,0.81444,2015
United States,North America,15.0,7.119,1.39451,1.24711,0.86179,2015
Brazil,Latin America and Caribbean,16.0,6.983,0.98124,1.23287,0.69702,2015
Luxembourg,Western Europe,17.0,6.946,1.56391,1.21963,0.91894,2015
Ireland,Western Europe,18.0,6.94,1.33596,1.36948,0.89533,2015
Belgium,Western Europe,19.0,6.937,1.30782,1.28566,0.89667,2015
United Arab Emirates,Middle East and North Africa,20.0,6.901,1.42727,1.12575,0.80925,2015
United Kingdom,Western Europe,21.0,6.867,1.26637,1.28548,0.90943,2015
Oman,Middle East and North Africa,22.0,6.853,1.36011,1.08182,0.76276,2015
Venezuela,Latin America and Caribbean,23.0,6.81,1.04424,1.25596,0.72052,2015
Singapore,Southeast Asia,24.0,6.798,1.52186,1.02,1.02525,2015
Panama,Latin America and Caribbean,25.0,6.786,1.06353,1.1985,0.79661,2015
Germany,Western Europe,26.0,6.75,1.32792,1.29937,0.89186,2015
Chile,Latin America and Caribbean,27.0,6.67,1.10715,1.12447,0.85857,2015
Qatar,Middle East and North Africa,28.0,6.611,1.69042,1.0786,0.79733,2015
France,Western Europe,29.0,6.575,1.27778,1.26038,0.94579,2015
Argentina,Latin America and Caribbean,30.0,6.574,1.05351,1.24823,0.78723,2015
Czech Republic,Central and Eastern Europe,31.0,6.505,1.17898,1.20643,0.84483,2015
Uruguay,Latin America and Caribbean,32.0,6.485,1.06166,1.2089,0.8116,2015
Colombia,Latin America and Caribbean,33.0,6.477,0.91861,1.24018,0.69077,2015
Thailand,Southeast Asia,34.0,6.455,0.9669,1.26504,0.7385,2015
Saudi Arabia,Middle East and North Africa,35.0,6.411,1.39541,1.08393,0.72025,2015
Spain,Western Europe,36.0,6.329,1.23011,1.31379,0.95562,2015
Malta,Western Europe,37.0,6.302,1.2074,1.30203,0.88721,2015
Taiwan,East Asia,38.0,6.298,1.29098,1.07617,0.8753,2015
Kuwait,Middle East and North Africa,39.0,6.295,1.55422,1.16594,0.72492,2015
Suriname,Latin America and Caribbean,40.0,6.269,0.99534,0.972,0.6082,2015
Trinidad and Tobago,Latin America and Caribbean,41.0,6.168,1.21183,1.18354,0.61483,2015
El Salvador,Latin America and Caribbean,42.0,6.13,0.76454,1.02507,0.67737,2015
Guatemala,Latin America and Caribbean,43.0,6.123,0.74553,1.04356,0.64425,2015
Uzbekistan,Central and Eastern Europe,44.0,6.003,0.63244,1.34043,0.59772,2015
Slovakia,Central and Eastern Europe,45.0,5.995,1.16891,1.26999,0.78902,2015
Japan,East Asia,46.0,5.987,1.27074,1.25712,0.99111,2015
South Korea,East Asia,47.0,5.984,1.24461,0.95774,0.96538,2015
Ecuador,Latin America and Caribbean,48.0,5.975,0.86402,0.99903,0.79075,2015
Bahrain,Middle East and North Africa,49.0,5.96,1.32376,1.21624,0.74716,2015
Italy,Western Europe,50.0,5.948,1.25114,1.19777,0.95446,2015
Bolivia,Latin America and Caribbean,51.0,5.89,0.68133,0.97841,0.5392,2015
Moldova,Central and Eastern Europe,52.0,5.889,0.59448,1.01528,0.61826,2015
Paraguay,Latin America and Caribbean,53.0,5.878,0.75985,1.30477,0.66098,2015
Kazakhstan,Central and Eastern Europe,54.0,5.855,1.12254,1.12241,0.64368,2015
Slovenia,Central and Eastern Europe,55.0,5.848,1.18498,1.27385,0.87337,2015
Lithuania,Central and Eastern Europe,56.0,5.833,1.14723,1.25745,0.73128,2015
Nicaragua,Latin America and Caribbean,57.0,5.828,0.59325,1.14184,0.74314,2015
Peru,Latin America and Caribbean,58.0,5.824,0.90019,0.97459,0.73017,2015
Belarus,Central and Eastern Europe,59.0,5.813,1.03192,1.23289,0.73608,2015
Poland,Central and Eastern Europe,60.0,5.791,1.12555,1.27948,0.77903,2015
Malaysia,Southeast Asia,61.0,5.77,1.12486,1.07023,0.72394,2015
Croatia,Central and Eastern Europe,62.0,5.759,1.08254,0.79624,0.78805,2015
Libya,Middle East and North Africa,63.0,5.754,1.13145,1.11862,0.7038,2015
Russia,Central and Eastern Europe,64.0,5.716,1.13764,1.23617,0.66926,2015
Jamaica,Latin America and Caribbean,65.0,5.709,0.81038,1.15102,0.68741,2015
North Cyprus,Western Europe,66.0,5.695,1.20806,1.07008,0.92356,2015
Cyprus,Western Europe,67.0,5.689,1.20813,0.89318,0.92356,2015
Algeria,Middle East and North Africa,68.0,5.605,0.93929,1.07772,0.61766,2015
Kosovo,Central and Eastern Europe,69.0,5.589,0.80148,0.81198,0.63132,2015
Turkmenistan,Central and Eastern Europe,70.0,5.548,0.95847,1.22668,0.53886,2015
Mauritius,Sub-Saharan Africa,71.0,5.477,1.00761,0.98521,0.7095,2015
Hong Kong,East Asia,72.0,5.474,1.38604,1.05818,1.01328,2015
Estonia,Central and Eastern Europe,73.0,5.429,1.15174,1.22791,0.77361,2015
Indonesia,Southeast Asia,74.0,5.399,0.82827,1.08708,0.63793,2015
Vietnam,Southeast Asia,75.0,5.36,0.63216,0.91226,0.74676,2015
Turkey,Middle East and North Africa,76.0,5.332,1.06098,0.94632,0.73172,2015
Kyrgyzstan,Central and Eastern Europe,77.0,5.286,0.47428,1.15115,0.65088,2015
Nigeria,Sub-Saharan Africa,78.0,5.268,0.65435,0.90432,0.16007,2015
Bhutan,South Asia,79.0,5.253,0.77042,1.10395,0.57407,2015
Azerbaijan,Central and Eastern Europe,80.0,5.212,1.02389,0.93793,0.64045,2015
Pakistan,South Asia,81.0,5.194,0.59543,0.41411,0.51466,2015
Jordan,Middle East and North Africa,82.0,5.192,0.90198,1.05392,0.69639,2015
Montenegro,Central and Eastern Europe,82.0,5.192,0.97438,0.90557,0.72521,2015
China,East Asia,84.0,5.14,0.89012,0.94675,0.81658,2015
Zambia,Sub-Saharan Africa,85.0,5.129,0.47038,0.91612,0.29924,2015
Romania,Central and Eastern Europe,86.0,5.124,1.04345,0.88588,0.7689,2015
Serbia,Central and Eastern Europe,87.0,5.123,0.92053,1.00964,0.74836,2015
Portugal,Western Europe,88.0,5.102,1.15991,1.13935,0.87519,2015
Latvia,Central and Eastern Europe,89.0,5.098,1.11312,1.09562,0.72437,2015
Philippines,Southeast Asia,90.0,5.073,0.70532,1.03516,0.58114,2015
Somaliland region,Sub-Saharan Africa,91.0,5.057,0.18847,0.95152,0.43873,2015
Morocco,Middle East and North Africa,92.0,5.013,0.73479,0.64095,0.60954,2015
Macedonia,Central and Eastern Europe,93.0,5.007,0.91851,1.00232,0.73545,2015
Mozambique,Sub-Saharan Africa,94.0,4.971,0.08308,1.02626,0.09131,2015
Albania,Central and Eastern Europe,95.0,4.959,0.87867,0.80434,0.81325,2015
Bosnia and Herzegovina,Central and Eastern Europe,96.0,4.949,0.83223,0.91916,0.79081,2015
Lesotho,Sub-Saharan Africa,97.0,4.898,0.37545,1.04103,0.07612,2015
Dominican Republic,Latin America and Caribbean,98.0,4.885,0.89537,1.17202,0.66825,2015
Laos,Southeast Asia,99.0,4.876,0.59066,0.73803,0.54909,2015
Mongolia,East Asia,100.0,4.874,0.82819,1.3006,0.60268,2015
Swaziland,Sub-Saharan Africa,101.0,4.867,0.71206,1.07284,0.07566,2015
Greece,Western Europe,102.0,4.857,1.15406,0.92933,0.88213,2015
Lebanon,Middle East and North Africa,103.0,4.839,1.02564,0.80001,0.83947,2015
Hungary,Central and Eastern Europe,104.0,4.8,1.12094,1.20215,0.75905,2015
Honduras,Latin America and Caribbean,105.0,4.788,0.59532,0.95348,0.6951,2015
Tajikistan,Central and Eastern Europe,106.0,4.786,0.39047,0.85563,0.57379,2015
Tunisia,Middle East and North Africa,107.0,4.739,0.88113,0.60429,0.73793,2015
Palestinian Territories,Middle East and North Africa,108.0,4.715,0.59867,0.92558,0.66015,2015
Bangladesh,South Asia,109.0,4.694,0.39753,0.43106,0.60164,2015
Iran,Middle East and North Africa,110.0,4.686,1.0088,0.54447,0.69805,2015
Ukraine,Central and Eastern Europe,111.0,4.681,0.79907,1.20278,0.6739,2015
Iraq,Middle East and North Africa,112.0,4.677,0.98549,0.81889,0.60237,2015
South Africa,Sub-Saharan Africa,113.0,4.642,0.92049,1.18468,0.27688,2015
Ghana,Sub-Saharan Africa,114.0,4.633,0.54558,0.67954,0.40132,2015
Zimbabwe,Sub-Saharan Africa,115.0,4.61,0.271,1.03276,0.33475,2015
Liberia,Sub-Saharan Africa,116.0,4.571,0.0712,0.78968,0.34201,2015
India,South Asia,117.0,4.565,0.64499,0.38174,0.51529,2015
Sudan,Sub-Saharan Africa,118.0,4.55,0.52107,1.01404,0.36878,2015
Haiti,Latin America and Caribbean,119.0,4.518,0.26673,0.74302,0.38847,2015
Congo (Kinshasa),Sub-Saharan Africa,120.0,4.517,0.0,1.0012,0.09806,2015
Nepal,South Asia,121.0,4.514,0.35997,0.86449,0.56874,2015
Ethiopia,Sub-Saharan Africa,122.0,4.512,0.19073,0.60406,0.44055,2015
Sierra Leone,Sub-Saharan Africa,123.0,4.507,0.33024,0.95571,0.0,2015
Mauritania,Sub-Saharan Africa,124.0,4.436,0.45407,0.86908,0.35874,2015
Kenya,Sub-Saharan Africa,125.0,4.419,0.36471,0.99876,0.41435,2015
Djibouti,Sub-Saharan Africa,126.0,4.369,0.44025,0.59207,0.36291,2015
Armenia,Central and Eastern Europe,127.0,4.35,0.76821,0.77711,0.7299,2015
Botswana,Sub-Saharan Africa,128.0,4.332,0.99355,1.10464,0.04776,2015
Myanmar,Southeast Asia,129.0,4.307,0.27108,0.70905,0.48246,2015
Georgia,Central and Eastern Europe,130.0,4.297,0.7419,0.38562,0.72926,2015
Malawi,Sub-Saharan Africa,131.0,4.292,0.01604,0.41134,0.22562,2015
Sri Lanka,South Asia,132.0,4.271,0.83524,1.01905,0.70806,2015
Cameroon,Sub-Saharan Africa,133.0,4.252,0.4225,0.88767,0.23402,2015
Bulgaria,Central and Eastern Europe,134.0,4.218,1.01216,1.10614,0.76649,2015
Egypt,Middle East and North Africa,135.0,4.194,0.8818,0.747,0.61712,2015
Yemen,Middle East and North Africa,136.0,4.077,0.54649,0.68093,0.40064,2015
Angola,Sub-Saharan Africa,137.0,4.033,0.75778,0.8604,0.16683,2015
Mali,Sub-Saharan Africa,138.0,3.995,0.26074,1.03526,0.20583,2015
Congo (Brazzaville),Sub-Saharan Africa,139.0,3.989,0.67866,0.6629,0.31051,2015
Comoros,Sub-Saharan Africa,140.0,3.956,0.23906,0.79273,0.36315,2015
Uganda,Sub-Saharan Africa,141.0,3.931,0.21102,1.13299,0.33861,2015
Senegal,Sub-Saharan Africa,142.0,3.904,0.36498,0.97619,0.4354,2015
Gabon,Sub-Saharan Africa,143.0,3.896,1.06024,0.90528,0.43372,2015
Niger,Sub-Saharan Africa,144.0,3.845,0.0694,0.77265,0.29707,2015
Cambodia,Southeast Asia,145.0,3.819,0.46038,0.62736,0.61114,2015
Tanzania,Sub-Saharan Africa,146.0,3.781,0.2852,1.00268,0.38215,2015
Madagascar,Sub-Saharan Africa,147.0,3.681,0.20824,0.66801,0.46721,2015
Central African Republic,Sub-Saharan Africa,148.0,3.678,0.0785,0.0,0.06699,2015
Chad,Sub-Saharan Africa,149.0,3.667,0.34193,0.76062,0.1501,2015
Guinea,Sub-Saharan Africa,150.0,3.656,0.17417,0.46475,0.24009,2015
Ivory Coast,Sub-Saharan Africa,151.0,3.655,0.46534,0.77115,0.15185,2015
Burkina Faso,Sub-Saharan Africa,152.0,3.587,0.25812,0.85188,0.27125,2015
Afghanistan,South Asia,153.0,3.575,0.31982,0.30285,0.30335,2015
Rwanda,Sub-Saharan Africa,154.0,3.465,0.22208,0.7737,0.42864,2015
Benin,Sub-Saharan Africa,155.0,3.34,0.28665,0.35386,0.3191,2015
Syria,Middle East and North Africa,156.0,3.006,0.6632,0.47489,0.72193,2015
Burundi,Sub-Saharan Africa,157.0,2.905,0.0153,0.41587,0.22396,2015
Togo,Sub-Saharan Africa,158.0,2.839,0.20868,0.13995,0.28443,2015
Denmark,Western Europe,1.0,7.526,1.44178,1.16374,0.79504,2016
Switzerland,Western Europe,2.0,7.509,1.52733,1.14524,0.86303,2016
Iceland,Western Europe,3.0,7.501,1.42666,1.18326,0.86733,2016
Norway,Western Europe,4.0,7.498,1.57744,1.1269,0.79579,2016
Finland,Western Europe,5.0,7.413,1.40598,1.13464,0.81091,2016
Canada,North America,6.0,7.404,1.44015,1.0961,0.8276,2016
Netherlands,Western Europe,7.0,7.339,1.46468,1.02912,0.81231,2016
New Zealand,Australia and New Zealand,8.0,7.334,1.36066,1.17278,0.83096,2016
Australia,Australia and New Zealand,9.0,7.313,1.44443,1.10476,0.8512,2016
Sweden,Western Europe,10.0,7.291,1.45181,1.08764,0.83121,2016
Israel,Middle East and North Africa,11.0,7.267,1.33766,0.99537,0.84917,2016
Austria,Western Europe,12.0,7.119,1.45038,1.08383,0.80565,2016
United States,North America,13.0,7.104,1.50796,1.04782,0.779,2016
Costa Rica,Latin America and Caribbean,14.0,7.087,1.06879,1.02152,0.76146,2016
Puerto Rico,Latin America and Caribbean,15.0,7.039,1.35943,1.08113,0.77758,2016
Germany,Western Europe,16.0,6.994,1.44787,1.09774,0.81487,2016
Brazil,Latin America and Caribbean,17.0,6.952,1.08754,1.03938,0.61415,2016
Belgium,Western Europe,18.0,6.929,1.42539,1.05249,0.81959,2016
Ireland,Western Europe,19.0,6.907,1.48341,1.16157,0.81455,2016
Luxembourg,Western Europe,20.0,6.871,1.69752,1.03999,0.84542,2016
Mexico,Latin America and Caribbean,21.0,6.778,1.11508,0.7146,0.71143,2016
Singapore,Southeast Asia,22.0,6.739,1.64555,0.86758,0.94719,2016
United Kingdom,Western Europe,23.0,6.725,1.40283,1.08672,0.80991,2016
Chile,Latin America and Caribbean,24.0,6.705,1.2167,0.90587,0.81883,2016
Panama,Latin America and Caribbean,25.0,6.701,1.18306,0.98912,0.70835,2016
Argentina,Latin America and Caribbean,26.0,6.65,1.15137,1.06612,0.69711,2016
Czech Republic,Central and Eastern Europe,27.0,6.596,1.30915,1.00793,0.76376,2016
United Arab Emirates,Middle East and North Africa,28.0,6.573,1.57352,0.87114,0.72993,2016
Uruguay,Latin America and Caribbean,29.0,6.545,1.18157,1.03143,0.72183,2016
Malta,Western Europe,30.0,6.488,1.30782,1.09879,0.80315,2016
Colombia,Latin America and Caribbean,31.0,6.481,1.03032,1.02169,0.59659,2016
France,Western Europe,32.0,6.478,1.39488,1.00508,0.83795,2016
Thailand,Southeast Asia,33.0,6.474,1.0893,1.04477,0.64915,2016
Saudi Arabia,Middle East and North Africa,34.0,6.379,1.48953,0.84829,0.59267,2016
Taiwan,East Asia,34.0,6.379,1.39729,0.92624,0.79565,2016
Qatar,Middle East and North Africa,36.0,6.375,1.82427,0.87964,0.71723,2016
Spain,Western Europe,37.0,6.361,1.34253,1.12945,0.87896,2016
Algeria,Middle East and North Africa,38.0,6.355,1.05266,0.83309,0.61804,2016
Guatemala,Latin America and Caribbean,39.0,6.324,0.83454,0.87119,0.54039,2016
Suriname,Latin America and Caribbean,40.0,6.269,1.09686,0.77866,0.50933,2016
Kuwait,Middle East and North Africa,41.0,6.239,1.61714,0.87758,0.63569,2016
Bahrain,Middle East and North Africa,42.0,6.218,1.44024,0.94397,0.65696,2016
Trinidad and Tobago,Latin America and Caribbean,43.0,6.168,1.32572,0.98569,0.52608,2016
Venezuela,Latin America and Caribbean,44.0,6.084,1.13367,1.03302,0.61904,2016
Slovakia,Central and Eastern Europe,45.0,6.078,1.27973,1.08268,0.70367,2016
El Salvador,Latin America and Caribbean,46.0,6.068,0.8737,0.80975,0.596,2016
Malaysia,Southeast Asia,47.0,6.005,1.25142,0.88025,0.62366,2016
Nicaragua,Latin America and Caribbean,48.0,5.992,0.69384,0.89521,0.65213,2016
Uzbekistan,Central and Eastern Europe,49.0,5.987,0.73591,1.1681,0.50163,2016
Italy,Western Europe,50.0,5.977,1.35495,1.04167,0.85102,2016
Ecuador,Latin America and Caribbean,51.0,5.976,0.97306,0.85974,0.68613,2016
Belize,Latin America and Caribbean,52.0,5.956,0.87616,0.68655,0.45569,2016
Japan,East Asia,53.0,5.921,1.38007,1.06054,0.91491,2016
Kazakhstan,Central and Eastern Europe,54.0,5.919,1.22943,0.95544,0.57386,2016
Moldova,Central and Eastern Europe,55.0,5.897,0.69177,0.83132,0.52309,2016
Russia,Central and Eastern Europe,56.0,5.856,1.23228,1.05261,0.58991,2016
Poland,Central and Eastern Europe,57.0,5.835,1.24585,1.04685,0.69058,2016
South Korea,East Asia,57.0,5.835,1.35948,0.72194,0.88645,2016
Bolivia,Latin America and Caribbean,59.0,5.822,0.79422,0.83779,0.4697,2016
Lithuania,Central and Eastern Europe,60.0,5.813,1.2692,1.06411,0.64674,2016
Belarus,Central and Eastern Europe,61.0,5.802,1.13062,1.04993,0.63104,2016
North Cyprus,Western Europe,62.0,5.771,1.31141,0.81826,0.84142,2016
Slovenia,Central and Eastern Europe,63.0,5.768,1.29947,1.05613,0.79151,2016
Peru,Latin America and Caribbean,64.0,5.743,0.99602,0.81255,0.62994,2016
Turkmenistan,Central and Eastern Europe,65.0,5.658,1.08017,1.03817,0.44006,2016
Mauritius,Sub-Saharan Africa,66.0,5.648,1.14372,0.75695,0.66189,2016
Libya,Middle East and North Africa,67.0,5.615,1.06688,0.95076,0.52304,2016
Latvia,Central and Eastern Europe,68.0,5.56,1.21788,0.95025,0.63952,2016
Cyprus,Western Europe,69.0,5.546,1.31857,0.70697,0.8488,2016
Paraguay,Latin America and Caribbean,70.0,5.538,0.89373,1.11111,0.58295,2016
Romania,Central and Eastern Europe,71.0,5.528,1.1697,0.72803,0.67602,2016
Estonia,Central and Eastern Europe,72.0,5.517,1.27964,1.05163,0.68098,2016
Jamaica,Latin America and Caribbean,73.0,5.51,0.89333,0.96372,0.59469,2016
Croatia,Central and Eastern Europe,74.0,5.488,1.18649,0.60809,0.70524,2016
Hong Kong,East Asia,75.0,5.458,1.5107,0.87021,0.95277,2016
Somalia,Sub-Saharan Africa,76.0,5.44,0.0,0.33613,0.11466,2016
Kosovo,Central and Eastern Europe,77.0,5.401,0.90145,0.66062,0.54,2016
Turkey,Middle East and North Africa,78.0,5.389,1.16492,0.87717,0.64718,2016
Indonesia,Southeast Asia,79.0,5.314,0.95104,0.87625,0.49374,2016
Jordan,Middle East and North Africa,80.0,5.303,0.99673,0.86216,0.60712,2016
Azerbaijan,Central and Eastern Europe,81.0,5.291,1.12373,0.76042,0.54504,2016
Philippines,Southeast Asia,82.0,5.279,0.81217,0.87877,0.47036,2016
China,East Asia,83.0,5.245,1.0278,0.79381,0.73561,2016
Bhutan,South Asia,84.0,5.196,0.8527,0.90836,0.49759,2016
Kyrgyzstan,Central and Eastern Europe,85.0,5.185,0.56044,0.95434,0.55449,2016
Serbia,Central and Eastern Europe,86.0,5.177,1.03437,0.81329,0.6458,2016
Bosnia and Herzegovina,Central and Eastern Europe,87.0,5.163,0.93383,0.64367,0.70766,2016
Montenegro,Central and Eastern Europe,88.0,5.161,1.07838,0.74173,0.63533,2016
Dominican Republic,Latin America and Caribbean,89.0,5.155,1.02787,0.99496,0.57669,2016
Morocco,Middle East and North Africa,90.0,5.151,0.84058,0.38595,0.59471,2016
Hungary,Central and Eastern Europe,91.0,5.145,1.24142,0.93164,0.67608,2016
Pakistan,South Asia,92.0,5.132,0.68816,0.26135,0.40306,2016
Lebanon,Middle East and North Africa,93.0,5.129,1.12268,0.64184,0.76171,2016
Portugal,Western Europe,94.0,5.123,1.27607,0.94367,0.79363,2016
Macedonia,Central and Eastern Europe,95.0,5.121,1.0193,0.78236,0.64738,2016
Vietnam,Southeast Asia,96.0,5.061,0.74037,0.79117,0.66157,2016
Somaliland Region,Sub-Saharan Africa,97.0,5.057,0.25558,0.75862,0.33108,2016
Tunisia,Middle East and North Africa,98.0,5.045,0.97724,0.43165,0.59577,2016
Greece,Western Europe,99.0,5.033,1.24886,0.75473,0.80029,2016
Tajikistan,Central and Eastern Europe,100.0,4.996,0.48835,0.75602,0.53119,2016
Mongolia,East Asia,101.0,4.907,0.98853,1.08983,0.55469,2016
Laos,Southeast Asia,102.0,4.876,0.68042,0.5497,0.38291,2016
Nigeria,Sub-Saharan Africa,103.0,4.875,0.75216,0.64498,0.05108,2016
Honduras,Latin America and Caribbean,104.0,4.871,0.69429,0.75596,0.58383,2016
Iran,Middle East and North Africa,105.0,4.813,1.11758,0.38857,0.64232,2016
Zambia,Sub-Saharan Africa,106.0,4.795,0.61202,0.6376,0.23573,2016
Nepal,South Asia,107.0,4.793,0.44626,0.69699,0.50073,2016
Palestinian Territories,Middle East and North Africa,108.0,4.754,0.67024,0.71629,0.56844,2016
Albania,Central and Eastern Europe,109.0,4.655,0.9553,0.50163,0.73007,2016
Bangladesh,South Asia,110.0,4.643,0.54177,0.24749,0.52989,2016
Sierra Leone,Sub-Saharan Africa,111.0,4.635,0.36485,0.628,0.0,2016
Iraq,Middle East and North Africa,112.0,4.575,1.07474,0.59205,0.51076,2016
Namibia,Sub-Saharan Africa,113.0,4.574,0.93287,0.70362,0.34745,2016
Cameroon,Sub-Saharan Africa,114.0,4.513,0.52497,0.62542,0.12698,2016
Ethiopia,Sub-Saharan Africa,115.0,4.508,0.29283,0.37932,0.34578,2016
South Africa,Sub-Saharan Africa,116.0,4.459,1.02416,0.96053,0.18611,2016
Sri Lanka,South Asia,117.0,4.415,0.97318,0.84783,0.62007,2016
India,South Asia,118.0,4.404,0.74036,0.29247,0.45091,2016
Myanmar,Southeast Asia,119.0,4.395,0.34112,0.69981,0.3988,2016
Egypt,Middle East and North Africa,120.0,4.362,0.95395,0.49813,0.52116,2016
Armenia,Central and Eastern Europe,121.0,4.36,0.86086,0.62477,0.64083,2016
Kenya,Sub-Saharan Africa,122.0,4.356,0.52267,0.7624,0.30147,2016
Ukraine,Central and Eastern Europe,123.0,4.324,0.87287,1.01413,0.58628,2016
Ghana,Sub-Saharan Africa,124.0,4.276,0.63107,0.49353,0.29681,2016
Congo (Kinshasa),Sub-Saharan Africa,125.0,4.272,0.05661,0.80676,0.188,2016
Georgia,Central and Eastern Europe,126.0,4.252,0.83792,0.19249,0.64035,2016
Congo (Brazzaville),Sub-Saharan Africa,127.0,4.236,0.77109,0.47799,0.28212,2016
Senegal,Sub-Saharan Africa,128.0,4.219,0.44314,0.77416,0.40457,2016
Bulgaria,Central and Eastern Europe,129.0,4.217,1.11306,0.92542,0.67806,2016
Mauritania,Sub-Saharan Africa,130.0,4.201,0.61391,0.84142,0.28639,2016
Zimbabwe,Sub-Saharan Africa,131.0,4.193,0.35041,0.71478,0.1595,2016
Malawi,Sub-Saharan Africa,132.0,4.156,0.08709,0.147,0.29364,2016
Sudan,Sub-Saharan Africa,133.0,4.139,0.63069,0.81928,0.29759,2016
Gabon,Sub-Saharan Africa,134.0,4.121,1.15851,0.72368,0.3494,2016
Mali,Sub-Saharan Africa,135.0,4.073,0.31292,0.86333,0.16347,2016
Haiti,Latin America and Caribbean,136.0,4.028,0.34097,0.29561,0.27494,2016
Botswana,Sub-Saharan Africa,137.0,3.974,1.09426,0.89186,0.34752,2016
Comoros,Sub-Saharan Africa,138.0,3.956,0.27509,0.60323,0.29981,2016
Ivory Coast,Sub-Saharan Africa,139.0,3.916,0.55507,0.57576,0.04476,2016
Cambodia,Southeast Asia,140.0,3.907,0.55604,0.5375,0.42494,2016
Angola,Sub-Saharan Africa,141.0,3.866,0.84731,0.66366,0.04991,2016
Niger,Sub-Saharan Africa,142.0,3.856,0.1327,0.6053,0.26162,2016
South Sudan,Sub-Saharan Africa,143.0,3.832,0.39394,0.18519,0.15781,2016
Chad,Sub-Saharan Africa,144.0,3.763,0.42214,0.63178,0.03824,2016
Burkina Faso,Sub-Saharan Africa,145.0,3.739,0.31995,0.63054,0.21297,2016
Uganda,Sub-Saharan Africa,145.0,3.739,0.34719,0.90981,0.19625,2016
Yemen,Middle East and North Africa,147.0,3.724,0.57939,0.47493,0.31048,2016
Madagascar,Sub-Saharan Africa,148.0,3.695,0.27954,0.46115,0.37109,2016
Tanzania,Sub-Saharan Africa,149.0,3.666,0.47155,0.77623,0.357,2016
Liberia,Sub-Saharan Africa,150.0,3.622,0.10706,0.50353,0.23165,2016
Guinea,Sub-Saharan Africa,151.0,3.607,0.22415,0.3109,0.18829,2016
Rwanda,Sub-Saharan Africa,152.0,3.515,0.32846,0.61586,0.31865,2016
Benin,Sub-Saharan Africa,153.0,3.484,0.39499,0.10419,0.21028,2016
Afghanistan,South Asia,154.0,3.36,0.38227,0.11037,0.17344,2016
Togo,Sub-Saharan Africa,155.0,3.303,0.28123,0.0,0.24811,2016
Syria,Middle East and North Africa,156.0,3.069,0.74719,0.14866,0.62994,2016
Burundi,Sub-Saharan Africa,157.0,2.905,0.06831,0.23442,0.15747,2016
Norway,Western Europe,1.0,7.53700017929077,1.61646318435669,1.53352355957031,0.796666502952576,2017
Denmark,Western Europe,2.0,7.52199983596802,1.48238301277161,1.55112159252167,0.792565524578094,2017
Iceland,Western Europe,3.0,7.50400018692017,1.480633020401,1.6105740070343,0.833552122116089,2017
Switzerland,Western Europe,4.0,7.49399995803833,1.56497955322266,1.51691174507141,0.858131289482117,2017
Finland,Western Europe,5.0,7.4689998626709,1.44357192516327,1.5402467250824,0.80915766954422,2017
Netherlands,Western Europe,6.0,7.3769998550415,1.50394463539124,1.42893922328949,0.810696125030518,2017
Canada,North America,7.0,7.31599998474121,1.47920441627502,1.48134899139404,0.83455765247345,2017
New Zealand,Australia and New Zealand,8.0,7.31400012969971,1.40570604801178,1.54819512367249,0.816759705543518,2017
Sweden,Western Europe,9.0,7.28399991989136,1.49438726902008,1.47816216945648,0.830875158309937,2017
Australia,Australia and New Zealand,10.0,7.28399991989136,1.484414935112,1.51004195213318,0.84388679265976,2017
Israel,Middle East and North Africa,11.0,7.21299982070923,1.37538242340088,1.37628996372223,0.83840399980545,2017
Costa Rica,Latin America and Caribbean,12.0,7.0789999961853,1.10970628261566,1.41640365123749,0.759509265422821,2017
Austria,Western Europe,13.0,7.00600004196167,1.48709726333618,1.4599449634552,0.815328419208527,2017
United States,North America,14.0,6.99300003051758,1.54625928401947,1.41992056369781,0.77428662776947,2017
Ireland,Western Europe,15.0,6.97700023651123,1.53570663928986,1.55823111534119,0.80978262424469,2017
Germany,Western Europe,16.0,6.95100021362305,1.48792338371277,1.47252035140991,0.798950731754303,2017
Belgium,Western Europe,17.0,6.89099979400635,1.46378076076508,1.46231269836426,0.818091869354248,2017
Luxembourg,Western Europe,18.0,6.86299991607666,1.74194359779358,1.45758366584778,0.845089495182037,2017
United Kingdom,Western Europe,19.0,6.71400022506714,1.44163393974304,1.49646008014679,0.805335938930511,2017
Chile,Latin America and Caribbean,20.0,6.65199995040894,1.25278460979462,1.28402495384216,0.819479703903198,2017
United Arab Emirates,Middle East and North Africa,21.0,6.64799976348877,1.62634336948395,1.26641023159027,0.726798236370087,2017
Brazil,Latin America and Caribbean,22.0,6.63500022888184,1.10735321044922,1.43130600452423,0.616552352905273,2017
Czech Republic,Central and Eastern Europe,23.0,6.60900020599365,1.35268235206604,1.43388521671295,0.754444003105164,2017
Argentina,Latin America and Caribbean,24.0,6.59899997711182,1.18529546260834,1.44045114517212,0.695137083530426,2017
Mexico,Latin America and Caribbean,25.0,6.57800006866455,1.15318381786346,1.210862159729,0.709978997707367,2017
Singapore,Southeast Asia,26.0,6.57200002670288,1.69227766990662,1.35381436347961,0.949492394924164,2017
Malta,Western Europe,27.0,6.52699995040894,1.34327983856201,1.48841166496277,0.821944236755371,2017
Uruguay,Latin America and Caribbean,28.0,6.4539999961853,1.21755969524384,1.41222786903381,0.719216823577881,2017
Guatemala,Latin America and Caribbean,29.0,6.4539999961853,0.872001945972443,1.25558519363403,0.540239989757538,2017
Panama,Latin America and Caribbean,30.0,6.4520001411438,1.23374843597412,1.37319254875183,0.706156134605408,2017
France,Western Europe,31.0,6.44199991226196,1.43092346191406,1.38777685165405,0.844465851783752,2017
Thailand,Southeast Asia,32.0,6.42399978637695,1.12786877155304,1.42579245567322,0.647239029407501,2017
Taiwan,,33.0,6.42199993133545,1.43362653255463,1.38456535339355,0.793984234333038,2017
Spain,Western Europe,34.0,6.40299987792969,1.38439786434174,1.53209090232849,0.888960599899292,2017
Qatar,Middle East and North Africa,35.0,6.375,1.87076568603516,1.27429687976837,0.710098087787628,2017
Colombia,Latin America and Caribbean,36.0,6.35699987411499,1.07062232494354,1.4021829366684,0.595027923583984,2017
Saudi Arabia,Middle East and North Africa,37.0,6.3439998626709,1.53062355518341,1.28667759895325,0.590148329734802,2017
Trinidad and Tobago,Latin America and Caribbean,38.0,6.16800022125244,1.36135590076447,1.3802285194397,0.519983291625977,2017
Kuwait,Middle East and North Africa,39.0,6.10500001907349,1.63295245170593,1.25969874858856,0.632105708122253,2017
Slovakia,Central and Eastern Europe,40.0,6.09800004959106,1.32539355754852,1.50505924224854,0.712732911109924,2017
Bahrain,Middle East and North Africa,41.0,6.08699989318848,1.48841226100922,1.32311046123505,0.653133034706116,2017
Malaysia,Southeast Asia,42.0,6.08400011062622,1.29121541976929,1.28464603424072,0.618784427642822,2017
Nicaragua,Latin America and Caribbean,43.0,6.07100009918213,0.737299203872681,1.28721570968628,0.653095960617065,2017
Ecuador,Latin America and Caribbean,44.0,6.00799989700317,1.00082039833069,1.28616881370544,0.685636222362518,2017
El Salvador,Latin America and Caribbean,45.0,6.00299978256226,0.909784495830536,1.18212509155273,0.596018552780151,2017
Poland,Central and Eastern Europe,46.0,5.97300004959106,1.29178786277771,1.44571197032928,0.699475347995758,2017
Uzbekistan,Central and Eastern Europe,47.0,5.97100019454956,0.786441087722778,1.54896914958954,0.498272627592087,2017
Italy,Western Europe,48.0,5.96400022506714,1.39506661891937,1.44492328166962,0.853144347667694,2017
Russia,Central and Eastern Europe,49.0,5.96299982070923,1.28177809715271,1.46928238868713,0.547349333763123,2017
Belize,Latin America and Caribbean,50.0,5.95599985122681,0.907975316047668,1.08141779899597,0.450191766023636,2017
Japan,East Asia,51.0,5.92000007629395,1.41691517829895,1.43633782863617,0.913475871086121,2017
Lithuania,Central and Eastern Europe,52.0,5.90199995040894,1.31458234786987,1.47351610660553,0.62894994020462,2017
Algeria,Middle East and North Africa,53.0,5.87200021743774,1.09186446666718,1.1462174654007,0.617584645748138,2017
Latvia,Central and Eastern Europe,54.0,5.84999990463257,1.26074862480164,1.40471494197845,0.638566970825195,2017
South Korea,East Asia,55.0,5.83799982070923,1.40167844295502,1.12827444076538,0.900214076042175,2017
Moldova,Central and Eastern Europe,56.0,5.83799982070923,0.728870630264282,1.25182557106018,0.589465200901031,2017
Romania,Central and Eastern Europe,57.0,5.82499980926514,1.21768391132355,1.15009129047394,0.685158312320709,2017
Bolivia,Latin America and Caribbean,58.0,5.82299995422363,0.833756566047668,1.22761905193329,0.473630249500275,2017
Turkmenistan,Central and Eastern Europe,59.0,5.82200002670288,1.13077676296234,1.49314916133881,0.437726080417633,2017
Kazakhstan,Central and Eastern Europe,60.0,5.81899976730347,1.28455626964569,1.38436901569366,0.606041550636292,2017
North Cyprus,Western Europe,61.0,5.80999994277954,1.3469113111496,1.18630337715149,0.834647238254547,2017
Slovenia,Central and Eastern Europe,62.0,5.75799989700317,1.3412059545517,1.45251882076263,0.790828227996826,2017
Peru,Latin America and Caribbean,63.0,5.71500015258789,1.03522527217865,1.21877038478851,0.630166113376617,2017
Mauritius,Sub-Saharan Africa,64.0,5.62900018692017,1.18939554691315,1.20956099033356,0.638007462024689,2017
Cyprus,Western Europe,65.0,5.62099981307983,1.35593807697296,1.13136327266693,0.84471470117569,2017
Estonia,Central and Eastern Europe,66.0,5.61100006103516,1.32087934017181,1.47667109966278,0.695168316364288,2017
Belarus,Central and Eastern Europe,67.0,5.56899976730347,1.15655755996704,1.44494521617889,0.637714266777039,2017
Libya,Middle East and North Africa,68.0,5.52500009536743,1.10180306434631,1.35756433010101,0.520169019699097,2017
Turkey,Middle East and North Africa,69.0,5.5,1.19827437400818,1.33775317668915,0.637605607509613,2017
Paraguay,Latin America and Caribbean,70.0,5.49300003051758,0.932537317276001,1.50728487968445,0.579250693321228,2017
Hong Kong,,71.0,5.47200012207031,1.55167484283447,1.26279091835022,0.943062424659729,2017
Philippines,Southeast Asia,72.0,5.42999982833862,0.85769921541214,1.25391757488251,0.468009054660797,2017
Serbia,Central and Eastern Europe,73.0,5.39499998092651,1.06931757926941,1.25818979740143,0.65078467130661,2017
Jordan,Middle East and North Africa,74.0,5.33599996566772,0.991012394428253,1.23908889293671,0.604590058326721,2017
Hungary,Central and Eastern Europe,75.0,5.32399988174438,1.2860119342804,1.34313309192657,0.687763452529907,2017
Jamaica,Latin America and Caribbean,76.0,5.31099987030029,0.925579309463501,1.36821806430817,0.641022384166718,2017
Croatia,Central and Eastern Europe,77.0,5.29300022125244,1.22255623340607,0.96798300743103,0.701288521289825,2017
Kosovo,Central and Eastern Europe,78.0,5.27899980545044,0.951484382152557,1.13785350322723,0.541452050209045,2017
China,East Asia,79.0,5.27299976348877,1.08116579055786,1.16083741188049,0.741415500640869,2017
Pakistan,South Asia,80.0,5.26900005340576,0.72688353061676,0.672690689563751,0.402047783136368,2017
Indonesia,Southeast Asia,81.0,5.26200008392334,0.995538592338562,1.27444469928741,0.492345720529556,2017
Venezuela,Latin America and Caribbean,82.0,5.25,1.12843120098114,1.43133759498596,0.617144227027893,2017
Montenegro,Central and Eastern Europe,83.0,5.23699998855591,1.12112903594971,1.23837649822235,0.667464673519135,2017
Morocco,Middle East and North Africa,84.0,5.2350001335144,0.878114581108093,0.774864435195923,0.59771066904068,2017
Azerbaijan,Central and Eastern Europe,85.0,5.23400020599365,1.15360176563263,1.15240025520325,0.540775775909424,2017
Dominican Republic,Latin America and Caribbean,86.0,5.23000001907349,1.07937383651733,1.40241670608521,0.574873745441437,2017
Greece,Western Europe,87.0,5.22700023651123,1.28948748111725,1.23941457271576,0.810198903083801,2017
Lebanon,Middle East and North Africa,88.0,5.22499990463257,1.07498753070831,1.12962424755096,0.735081076622009,2017
Portugal,Western Europe,89.0,5.19500017166138,1.3151752948761,1.36704301834106,0.795843541622162,2017
Bosnia and Herzegovina,Central and Eastern Europe,90.0,5.18200016021729,0.982409417629242,1.0693359375,0.705186307430267,2017
Honduras,Latin America and Caribbean,91.0,5.18100023269653,0.730573117733002,1.14394497871399,0.582569479942322,2017
Macedonia,Central and Eastern Europe,92.0,5.17500019073486,1.06457793712616,1.20789301395416,0.644948184490204,2017
Somalia,Sub-Saharan Africa,93.0,5.15100002288818,0.0226431842893362,0.721151351928711,0.113989137113094,2017
Vietnam,Southeast Asia,94.0,5.07399988174438,0.788547575473785,1.27749133110046,0.652168989181519,2017
Nigeria,Sub-Saharan Africa,95.0,5.07399988174438,0.783756256103516,1.21577048301697,0.0569157302379608,2017
Tajikistan,Central and Eastern Europe,96.0,5.04099988937378,0.524713635444641,1.27146327495575,0.529235124588013,2017
Bhutan,South Asia,97.0,5.01100015640259,0.885416388511658,1.34012651443481,0.495879292488098,2017
Kyrgyzstan,Central and Eastern Europe,98.0,5.00400018692017,0.596220076084137,1.39423859119415,0.553457796573639,2017
Nepal,South Asia,99.0,4.96199989318848,0.479820191860199,1.17928326129913,0.504130780696869,2017
Mongolia,East Asia,100.0,4.95499992370605,1.02723586559296,1.4930112361908,0.557783484458923,2017
South Africa,Sub-Saharan Africa,101.0,4.8289999961853,1.05469870567322,1.38478863239288,0.187080070376396,2017
Tunisia,Middle East and North Africa,102.0,4.80499982833862,1.00726580619812,0.868351459503174,0.613212049007416,2017
Palestinian Territories,Middle East and North Africa,103.0,4.77500009536743,0.716249227523804,1.15564715862274,0.565666973590851,2017
Egypt,Middle East and North Africa,104.0,4.7350001335144,0.989701807498932,0.997471392154694,0.520187258720398,2017
Bulgaria,Central and Eastern Europe,105.0,4.71400022506714,1.1614590883255,1.43437945842743,0.708217680454254,2017
Sierra Leone,Sub-Saharan Africa,106.0,4.70900011062622,0.36842092871666,0.984136044979095,0.0055647538974881,2017
Cameroon,Sub-Saharan Africa,107.0,4.69500017166138,0.564305365085602,0.946018218994141,0.132892116904259,2017
Iran,Middle East and North Africa,108.0,4.69199991226196,1.15687310695648,0.711551249027252,0.639333188533783,2017
Albania,Central and Eastern Europe,109.0,4.64400005340576,0.996192753314972,0.803685247898102,0.731159746646881,2017
Bangladesh,South Asia,110.0,4.60799980163574,0.586682975292206,0.735131740570068,0.533241033554077,2017
Namibia,Sub-Saharan Africa,111.0,4.57399988174438,0.964434325695038,1.0984708070755,0.33861181139946,2017
Kenya,Sub-Saharan Africa,112.0,4.55299997329712,0.560479462146759,1.06795072555542,0.309988349676132,2017
Mozambique,,113.0,4.55000019073486,0.234305649995804,0.870701014995575,0.106654435396194,2017
Myanmar,Southeast Asia,114.0,4.54500007629395,0.367110550403595,1.12323594093323,0.397522568702698,2017
Senegal,Sub-Saharan Africa,115.0,4.53499984741211,0.479309022426605,1.17969191074371,0.409362852573395,2017
Zambia,Sub-Saharan Africa,116.0,4.51399993896484,0.636406779289246,1.00318729877472,0.257835894823074,2017
Iraq,Middle East and North Africa,117.0,4.49700021743774,1.10271048545837,0.978613197803497,0.501180469989777,2017
Gabon,Sub-Saharan Africa,118.0,4.46500015258789,1.1982102394104,1.1556202173233,0.356578588485718,2017
Ethiopia,Sub-Saharan Africa,119.0,4.46000003814697,0.339233845472336,0.86466920375824,0.353409707546234,2017
Sri Lanka,South Asia,120.0,4.44000005722046,1.00985014438629,1.25997638702393,0.625130832195282,2017
Armenia,Central and Eastern Europe,121.0,4.37599992752075,0.900596737861633,1.00748372077942,0.637524425983429,2017
India,South Asia,122.0,4.31500005722046,0.792221248149872,0.754372596740723,0.455427616834641,2017
Mauritania,Sub-Saharan Africa,123.0,4.29199981689453,0.648457288742065,1.2720308303833,0.285349279642105,2017
Congo (Brazzaville),Sub-Saharan Africa,124.0,4.29099988937378,0.808964252471924,0.832044363021851,0.28995743393898,2017
Georgia,Central and Eastern Europe,125.0,4.28599977493286,0.950612664222717,0.57061493396759,0.649546980857849,2017
Congo (Kinshasa),Sub-Saharan Africa,126.0,4.28000020980835,0.0921023488044739,1.22902345657349,0.191407024860382,2017
Mali,Sub-Saharan Africa,127.0,4.19000005722046,0.476180493831635,1.28147339820862,0.169365674257278,2017
Ivory Coast,Sub-Saharan Africa,128.0,4.17999982833862,0.603048920631409,0.904780030250549,0.0486421696841717,2017
Cambodia,Southeast Asia,129.0,4.16800022125244,0.601765096187592,1.00623834133148,0.429783403873444,2017
Sudan,Sub-Saharan Africa,130.0,4.13899993896484,0.65951669216156,1.21400856971741,0.290920823812485,2017
Ghana,Sub-Saharan Africa,131.0,4.11999988555908,0.667224824428558,0.873664736747742,0.295637726783752,2017
Ukraine,Central and Eastern Europe,132.0,4.09600019454956,0.89465194940567,1.39453756809235,0.575903952121735,2017
Uganda,Sub-Saharan Africa,133.0,4.08099985122681,0.381430715322495,1.12982773780823,0.217632606625557,2017
Burkina Faso,Sub-Saharan Africa,134.0,4.03200006484985,0.3502277135849,1.04328000545502,0.215844258666039,2017
Niger,Sub-Saharan Africa,135.0,4.02799987792969,0.161925330758095,0.993025004863739,0.26850500702858,2017
Malawi,Sub-Saharan Africa,136.0,3.97000002861023,0.233442038297653,0.512568831443787,0.315089583396912,2017
Chad,Sub-Saharan Africa,137.0,3.93600010871887,0.438012987375259,0.953855872154236,0.0411347150802612,2017
Zimbabwe,Sub-Saharan Africa,138.0,3.875,0.375846534967422,1.08309590816498,0.196763753890991,2017
Lesotho,,139.0,3.80800008773804,0.521021246910095,1.19009518623352,0.0,2017
Angola,Sub-Saharan Africa,140.0,3.79500007629395,0.858428180217743,1.10441195964813,0.0498686656355858,2017
Afghanistan,South Asia,141.0,3.79399991035461,0.401477217674255,0.581543326377869,0.180746778845787,2017
Botswana,Sub-Saharan Africa,142.0,3.76600003242493,1.12209415435791,1.22155499458313,0.341755509376526,2017
Benin,Sub-Saharan Africa,143.0,3.65700006484985,0.431085407733917,0.435299843549728,0.209930211305618,2017
Madagascar,Sub-Saharan Africa,144.0,3.64400005340576,0.305808693170547,0.913020372390747,0.375223308801651,2017
Haiti,Latin America and Caribbean,145.0,3.6029999256134,0.368610262870789,0.640449821949005,0.277321130037308,2017
Yemen,Middle East and North Africa,146.0,3.59299993515015,0.591683447360992,0.93538224697113,0.310080915689468,2017
South Sudan,Sub-Saharan Africa,147.0,3.59100008010864,0.39724862575531,0.601323127746582,0.163486003875732,2017
Liberia,Sub-Saharan Africa,148.0,3.53299999237061,0.119041793048382,0.872117936611176,0.229918196797371,2017
Guinea,Sub-Saharan Africa,149.0,3.50699996948242,0.244549930095673,0.791244685649872,0.194129139184952,2017
Togo,Sub-Saharan Africa,150.0,3.49499988555908,0.305444717407227,0.431882530450821,0.247105568647385,2017
Rwanda,Sub-Saharan Africa,151.0,3.47099995613098,0.368745893239975,0.945707023143768,0.326424807310104,2017
Syria,Middle East and North Africa,152.0,3.46199989318848,0.777153134346008,0.396102607250214,0.50053334236145,2017
Tanzania,Sub-Saharan Africa,153.0,3.34899997711182,0.511135876178741,1.04198980331421,0.364509284496307,2017
Burundi,Sub-Saharan Africa,154.0,2.90499997138977,0.091622568666935,0.629793584346771,0.151610791683197,2017
Central African Republic,,155.0,2.69300007820129,0.0,0.0,0.0187726859003305,2017
Finland,Western Europe,1.0,7.632,1.305,1.592,0.874,2018
Norway,Western Europe,2.0,7.594,1.456,1.582,0.861,2018
Denmark,Western Europe,3.0,7.555,1.351,1.59,0.868,2018
Iceland,Western Europe,4.0,7.495,1.343,1.644,0.914,2018
Switzerland,Western Europe,5.0,7.487,1.42,1.549,0.927,2018
Netherlands,Western Europe,6.0,7.441,1.361,1.488,0.878,2018
Canada,North America,7.0,7.328,1.33,1.532,0.896,2018
New Zealand,Australia and New Zealand,8.0,7.324,1.268,1.601,0.876,2018
Sweden,Western Europe,9.0,7.314,1.355,1.501,0.913,2018
Australia,Australia and New Zealand,10.0,7.272,1.34,1.573,0.91,2018
United Kingdom,Western Europe,11.0,7.19,1.244,1.433,0.888,2018
Austria,Western Europe,12.0,7.139,1.341,1.504,0.891,2018
Costa Rica,Latin America and Caribbean,13.0,7.072,1.01,1.459,0.817,2018
Ireland,Western Europe,14.0,6.977,1.448,1.583,0.876,2018
Germany,Western Europe,15.0,6.965,1.34,1.474,0.861,2018
Belgium,Western Europe,16.0,6.927,1.324,1.483,0.894,2018
Luxembourg,Western Europe,17.0,6.91,1.576,1.52,0.896,2018
United States,North America,18.0,6.886,1.398,1.471,0.819,2018
Israel,Middle East and North Africa,19.0,6.814,1.301,1.559,0.883,2018
United Arab Emirates,Middle East and North Africa,20.0,6.774,2.096,0.776,0.67,2018
Czech Republic,Central and Eastern Europe,21.0,6.711,1.233,1.489,0.854,2018
Malta,Western Europe,22.0,6.627,1.27,1.525,0.884,2018
France,Western Europe,23.0,6.489,1.293,1.466,0.908,2018
Mexico,Latin America and Caribbean,24.0,6.488,1.038,1.252,0.761,2018
Chile,Latin America and Caribbean,25.0,6.476,1.131,1.331,0.808,2018
Taiwan,East Asia,26.0,6.441,1.365,1.436,0.857,2018
Panama,Latin America and Caribbean,27.0,6.43,1.112,1.438,0.759,2018
Brazil,Latin America and Caribbean,28.0,6.419,0.986,1.474,0.675,2018
Argentina,Latin America and Caribbean,29.0,6.388,1.073,1.468,0.744,2018
Guatemala,Latin America and Caribbean,30.0,6.382,0.781,1.268,0.608,2018
Uruguay,Latin America and Caribbean,31.0,6.379,1.093,1.459,0.771,2018
Qatar,Middle East and North Africa,32.0,6.374,1.649,1.303,0.748,2018
Saudi Arabia,Middle East and North Africa,33.0,6.371,1.379,1.331,0.633,2018
Singapore,Southeast Asia,34.0,6.343,1.529,1.451,1.008,2018
Malaysia,Southeast Asia,35.0,6.322,1.161,1.258,0.669,2018
Spain,Western Europe,36.0,6.31,1.251,1.538,0.965,2018
Colombia,Latin America and Caribbean,37.0,6.26,0.96,1.439,0.635,2018
Trinidad & Tobago,,38.0,6.192,1.223,1.492,0.564,2018
Slovakia,Central and Eastern Europe,39.0,6.173,1.21,1.537,0.776,2018
El Salvador,Latin America and Caribbean,40.0,6.167,0.806,1.231,0.639,2018
Nicaragua,Latin America and Caribbean,41.0,6.141,0.668,1.319,0.7,2018
Poland,Central and Eastern Europe,42.0,6.123,1.176,1.448,0.781,2018
Bahrain,Middle East and North Africa,43.0,6.105,1.338,1.366,0.698,2018
Uzbekistan,Central and Eastern Europe,44.0,6.096,0.719,1.584,0.605,2018
Kuwait,Middle East and North Africa,45.0,6.083,1.474,1.301,0.675,2018
Thailand,Southeast Asia,46.0,6.072,1.016,1.417,0.707,2018
Italy,Western Europe,47.0,6.0,1.264,1.501,0.946,2018
Ecuador,Latin America and Caribbean,48.0,5.973,0.889,1.33,0.736,2018
Belize,Latin America and Caribbean,49.0,5.956,0.807,1.101,0.474,2018
Lithuania,Central and Eastern Europe,50.0,5.952,1.197,1.527,0.716,2018
Slovenia,Central and Eastern Europe,51.0,5.948,1.219,1.506,0.856,2018
Romania,Central and Eastern Europe,52.0,5.945,1.116,1.219,0.726,2018
Latvia,Central and Eastern Europe,53.0,5.933,1.148,1.454,0.671,2018
Japan,East Asia,54.0,5.915,1.294,1.462,0.988,2018
Mauritius,Sub-Saharan Africa,55.0,5.891,1.09,1.387,0.684,2018
Jamaica,Latin America and Caribbean,56.0,5.89,0.819,1.493,0.693,2018
South Korea,East Asia,57.0,5.875,1.266,1.204,0.955,2018
Northern Cyprus,,58.0,5.835,1.229,1.211,0.909,2018
Russia,Central and Eastern Europe,59.0,5.81,1.151,1.479,0.599,2018
Kazakhstan,Central and Eastern Europe,60.0,5.79,1.143,1.516,0.631,2018
Cyprus,Western Europe,61.0,5.762,1.229,1.191,0.909,2018
Bolivia,Latin America and Caribbean,62.0,5.752,0.751,1.223,0.508,2018
Estonia,Central and Eastern Europe,63.0,5.739,1.2,1.532,0.737,2018
Paraguay,Latin America and Caribbean,64.0,5.681,0.835,1.522,0.615,2018
Peru,Latin America and Caribbean,65.0,5.663,0.934,1.249,0.674,2018
Kosovo,Central and Eastern Europe,66.0,5.662,0.855,1.23,0.578,2018
Moldova,Central and Eastern Europe,67.0,5.64,0.657,1.301,0.62,2018
Turkmenistan,Central and Eastern Europe,68.0,5.636,1.016,1.533,0.517,2018
Hungary,Central and Eastern Europe,69.0,5.62,1.171,1.401,0.732,2018
Libya,Middle East and North Africa,70.0,5.566,0.985,1.35,0.553,2018
Philippines,Southeast Asia,71.0,5.524,0.775,1.312,0.513,2018
Honduras,Latin America and Caribbean,72.0,5.504,0.62,1.205,0.622,2018
Belarus,Central and Eastern Europe,73.0,5.483,1.039,1.498,0.7,2018
Turkey,Middle East and North Africa,74.0,5.483,1.148,1.38,0.686,2018
Pakistan,South Asia,75.0,5.472,0.652,0.81,0.424,2018
Hong Kong,East Asia,76.0,5.43,1.405,1.29,1.03,2018
Portugal,Western Europe,77.0,5.41,1.188,1.429,0.884,2018
Serbia,Central and Eastern Europe,78.0,5.398,0.975,1.369,0.685,2018
Greece,Western Europe,79.0,5.358,1.154,1.202,0.879,2018
Lebanon,Middle East and North Africa,80.0,5.358,0.965,1.179,0.785,2018
Montenegro,Central and Eastern Europe,81.0,5.347,1.017,1.279,0.729,2018
Croatia,Central and Eastern Europe,82.0,5.321,1.115,1.161,0.737,2018
Dominican Republic,Latin America and Caribbean,83.0,5.302,0.982,1.441,0.614,2018
Algeria,Middle East and North Africa,84.0,5.295,0.979,1.154,0.687,2018
Morocco,Middle East and North Africa,85.0,5.254,0.779,0.797,0.669,2018
China,East Asia,86.0,5.246,0.989,1.142,0.799,2018
Azerbaijan,Central and Eastern Europe,87.0,5.201,1.024,1.161,0.603,2018
Tajikistan,Central and Eastern Europe,88.0,5.199,0.474,1.166,0.598,2018
Macedonia,Central and Eastern Europe,89.0,5.185,0.959,1.239,0.691,2018
Jordan,Middle East and North Africa,90.0,5.161,0.822,1.265,0.645,2018
Nigeria,Sub-Saharan Africa,91.0,5.155,0.689,1.172,0.048,2018
Kyrgyzstan,Central and Eastern Europe,92.0,5.131,0.53,1.416,0.594,2018
Bosnia and Herzegovina,Central and Eastern Europe,93.0,5.129,0.915,1.078,0.758,2018
Mongolia,East Asia,94.0,5.125,0.914,1.517,0.575,2018
Vietnam,Southeast Asia,95.0,5.103,0.715,1.365,0.702,2018
Indonesia,Southeast Asia,96.0,5.093,0.899,1.215,0.522,2018
Bhutan,South Asia,97.0,5.082,0.796,1.335,0.527,2018
Somalia,Sub-Saharan Africa,98.0,4.982,0.0,0.712,0.115,2018
Cameroon,Sub-Saharan Africa,99.0,4.975,0.535,0.891,0.182,2018
Bulgaria,Central and Eastern Europe,100.0,4.933,1.054,1.515,0.712,2018
Nepal,South Asia,101.0,4.88,0.425,1.228,0.539,2018
Venezuela,Latin America and Caribbean,102.0,4.806,0.996,1.469,0.657,2018
Gabon,Sub-Saharan Africa,103.0,4.758,1.036,1.164,0.404,2018
Palestinian Territories,Middle East and North Africa,104.0,4.743,0.642,1.217,0.602,2018
South Africa,Sub-Saharan Africa,105.0,4.724,0.94,1.41,0.33,2018
Iran,Middle East and North Africa,106.0,4.707,1.059,0.771,0.691,2018
Ivory Coast,Sub-Saharan Africa,107.0,4.671,0.541,0.872,0.08,2018
Ghana,Sub-Saharan Africa,108.0,4.657,0.592,0.896,0.337,2018
Senegal,Sub-Saharan Africa,109.0,4.631,0.429,1.117,0.433,2018
Laos,Southeast Asia,110.0,4.623,0.72,1.034,0.441,2018
Tunisia,Middle East and North Africa,111.0,4.592,0.9,0.906,0.69,2018
Albania,Central and Eastern Europe,112.0,4.586,0.916,0.817,0.79,2018
Sierra Leone,Sub-Saharan Africa,113.0,4.571,0.256,0.813,0.0,2018
Congo (Brazzaville),Sub-Saharan Africa,114.0,4.559,0.682,0.811,0.343,2018
Bangladesh,South Asia,115.0,4.5,0.532,0.85,0.579,2018
Sri Lanka,South Asia,116.0,4.471,0.918,1.314,0.672,2018
Iraq,Middle East and North Africa,117.0,4.456,1.01,0.971,0.536,2018
Mali,Sub-Saharan Africa,118.0,4.447,0.37,1.233,0.152,2018
Namibia,Sub-Saharan Africa,119.0,4.441,0.874,1.281,0.365,2018
Cambodia,Southeast Asia,120.0,4.433,0.549,1.088,0.457,2018
Burkina Faso,Sub-Saharan Africa,121.0,4.424,0.314,1.097,0.254,2018
Egypt,Middle East and North Africa,122.0,4.419,0.885,1.025,0.553,2018
Mozambique,,123.0,4.417,0.198,0.902,0.173,2018
Kenya,Sub-Saharan Africa,124.0,4.41,0.493,1.048,0.454,2018
Zambia,Sub-Saharan Africa,125.0,4.377,0.562,1.047,0.295,2018
Mauritania,Sub-Saharan Africa,126.0,4.356,0.557,1.245,0.292,2018
Ethiopia,Sub-Saharan Africa,127.0,4.35,0.308,0.95,0.391,2018
Georgia,Central and Eastern Europe,128.0,4.34,0.853,0.592,0.643,2018
Armenia,Central and Eastern Europe,129.0,4.321,0.816,0.99,0.666,2018
Myanmar,Southeast Asia,130.0,4.308,0.682,1.174,0.429,2018
Chad,Sub-Saharan Africa,131.0,4.301,0.358,0.907,0.053,2018
Congo (Kinshasa),Sub-Saharan Africa,132.0,4.245,0.069,1.136,0.204,2018
India,South Asia,133.0,4.19,0.721,0.747,0.485,2018
Niger,Sub-Saharan Africa,134.0,4.166,0.131,0.867,0.221,2018
Uganda,Sub-Saharan Africa,135.0,4.161,0.322,1.09,0.237,2018
Benin,Sub-Saharan Africa,136.0,4.141,0.378,0.372,0.24,2018
Sudan,Sub-Saharan Africa,137.0,4.139,0.605,1.24,0.312,2018
Ukraine,Central and Eastern Europe,138.0,4.103,0.793,1.413,0.609,2018
Togo,Sub-Saharan Africa,139.0,3.999,0.259,0.474,0.253,2018
Guinea,Sub-Saharan Africa,140.0,3.964,0.344,0.792,0.211,2018
Lesotho,,141.0,3.808,0.472,1.215,0.079,2018
Angola,Sub-Saharan Africa,142.0,3.795,0.73,1.125,0.269,2018
Madagascar,Sub-Saharan Africa,143.0,3.774,0.262,0.908,0.402,2018
Zimbabwe,Sub-Saharan Africa,144.0,3.692,0.357,1.094,0.248,2018
Afghanistan,South Asia,145.0,3.632,0.332,0.537,0.255,2018
Botswana,Sub-Saharan Africa,146.0,3.59,1.017,1.174,0.417,2018
Malawi,Sub-Saharan Africa,147.0,3.587,0.186,0.541,0.306,2018
Haiti,Latin America and Caribbean,148.0,3.582,0.315,0.714,0.289,2018
Liberia,Sub-Saharan Africa,149.0,3.495,0.076,0.858,0.267,2018
Syria,Middle East and North Africa,150.0,3.462,0.689,0.382,0.539,2018
Rwanda,Sub-Saharan Africa,151.0,3.408,0.332,0.896,0.4,2018
Yemen,Middle East and North Africa,152.0,3.355,0.442,1.073,0.343,2018
Tanzania,Sub-Saharan Africa,153.0,3.303,0.455,0.991,0.381,2018
South Sudan,Sub-Saharan Africa,154.0,3.254,0.337,0.608,0.177,2018
Central African Republic,,155.0,3.083,0.024,0.0,0.01,2018
Burundi,Sub-Saharan Africa,156.0,2.905,0.091,0.627,0.145,2018
Finland,Western Europe,1.0,7.769,1.34,1.587,0.986,2019
Denmark,Western Europe,2.0,7.6,1.383,1.573,0.996,2019
Norway,Western Europe,3.0,7.554,1.488,1.582,1.028,2019
Iceland,Western Europe,4.0,7.494,1.38,1.624,1.026,2019
Netherlands,Western Europe,5.0,7.488,1.396,1.522,0.999,2019
Switzerland,Western Europe,6.0,7.48,1.452,1.526,1.052,2019
Sweden,Western Europe,7.0,7.343,1.387,1.487,1.009,2019
New Zealand,Australia and New Zealand,8.0,7.307,1.303,1.557,1.026,2019
Canada,North America,9.0,7.278,1.365,1.505,1.039,2019
Austria,Western Europe,10.0,7.246,1.376,1.475,1.016,2019
Australia,Australia and New Zealand,11.0,7.228,1.372,1.548,1.036,2019
Costa Rica,Latin America and Caribbean,12.0,7.167,1.034,1.441,0.963,2019
Israel,Middle East and North Africa,13.0,7.139,1.276,1.455,1.029,2019
Luxembourg,Western Europe,14.0,7.09,1.609,1.479,1.012,2019
United Kingdom,Western Europe,15.0,7.054,1.333,1.538,0.996,2019
Ireland,Western Europe,16.0,7.021,1.499,1.553,0.999,2019
Germany,Western Europe,17.0,6.985,1.373,1.454,0.987,2019
Belgium,Western Europe,18.0,6.923,1.356,1.504,0.986,2019
United States,North America,19.0,6.892,1.433,1.457,0.874,2019
Czech Republic,Central and Eastern Europe,20.0,6.852,1.269,1.487,0.92,2019
United Arab Emirates,Middle East and North Africa,21.0,6.825,1.503,1.31,0.825,2019
Malta,Western Europe,22.0,6.726,1.3,1.52,0.999,2019
Mexico,Latin America and Caribbean,23.0,6.595,1.07,1.323,0.861,2019
France,Western Europe,24.0,6.592,1.324,1.472,1.045,2019
Taiwan,East Asia,25.0,6.446,1.368,1.43,0.914,2019
Chile,Latin America and Caribbean,26.0,6.444,1.159,1.369,0.92,2019
Guatemala,Latin America and Caribbean,27.0,6.436,0.8,1.269,0.746,2019
Saudi Arabia,Middle East and North Africa,28.0,6.375,1.403,1.357,0.795,2019
Qatar,Middle East and North Africa,29.0,6.374,1.684,1.313,0.871,2019
Spain,Western Europe,30.0,6.354,1.286,1.484,1.062,2019
Panama,Latin America and Caribbean,31.0,6.321,1.149,1.442,0.91,2019
Brazil,Latin America and Caribbean,32.0,6.3,1.004,1.439,0.802,2019
Uruguay,Latin America and Caribbean,33.0,6.293,1.124,1.465,0.891,2019
Singapore,Southeast Asia,34.0,6.262,1.572,1.463,1.141,2019
El Salvador,Latin America and Caribbean,35.0,6.253,0.794,1.242,0.789,2019
Italy,Western Europe,36.0,6.223,1.294,1.488,1.039,2019
Bahrain,Middle East and North Africa,37.0,6.199,1.362,1.368,0.871,2019
Slovakia,Central and Eastern Europe,38.0,6.198,1.246,1.504,0.881,2019
Trinidad & Tobago,,39.0,6.192,1.231,1.477,0.713,2019
Poland,Central and Eastern Europe,40.0,6.182,1.206,1.438,0.884,2019
Uzbekistan,Central and Eastern Europe,41.0,6.174,0.745,1.529,0.756,2019
Lithuania,Central and Eastern Europe,42.0,6.149,1.238,1.515,0.818,2019
Colombia,Latin America and Caribbean,43.0,6.125,0.985,1.41,0.841,2019
Slovenia,Central and Eastern Europe,44.0,6.118,1.258,1.523,0.953,2019
Nicaragua,Latin America and Caribbean,45.0,6.105,0.694,1.325,0.835,2019
Kosovo,Central and Eastern Europe,46.0,6.1,0.882,1.232,0.758,2019
Argentina,Latin America and Caribbean,47.0,6.086,1.092,1.432,0.881,2019
Romania,Central and Eastern Europe,48.0,6.07,1.162,1.232,0.825,2019
Cyprus,Western Europe,49.0,6.046,1.263,1.223,1.042,2019
Ecuador,Latin America and Caribbean,50.0,6.028,0.912,1.312,0.868,2019
Kuwait,Middle East and North Africa,51.0,6.021,1.5,1.319,0.808,2019
Thailand,Southeast Asia,52.0,6.008,1.05,1.409,0.828,2019
Latvia,Central and Eastern Europe,53.0,5.94,1.187,1.465,0.812,2019
South Korea,East Asia,54.0,5.895,1.301,1.219,1.036,2019
Estonia,Central and Eastern Europe,55.0,5.893,1.237,1.528,0.874,2019
Jamaica,Latin America and Caribbean,56.0,5.89,0.831,1.478,0.831,2019
Mauritius,Sub-Saharan Africa,57.0,5.888,1.12,1.402,0.798,2019
Japan,East Asia,58.0,5.886,1.327,1.419,1.088,2019
Honduras,Latin America and Caribbean,59.0,5.86,0.642,1.236,0.828,2019
Kazakhstan,Central and Eastern Europe,60.0,5.809,1.173,1.508,0.729,2019
Bolivia,Latin America and Caribbean,61.0,5.779,0.776,1.209,0.706,2019
Hungary,Central and Eastern Europe,62.0,5.758,1.201,1.41,0.828,2019
Paraguay,Latin America and Caribbean,63.0,5.743,0.855,1.475,0.777,2019
Northern Cyprus,,64.0,5.718,1.263,1.252,1.042,2019
Peru,Latin America and Caribbean,65.0,5.697,0.96,1.274,0.854,2019
Portugal,Western Europe,66.0,5.693,1.221,1.431,0.999,2019
Pakistan,South Asia,67.0,5.653,0.677,0.886,0.535,2019
Russia,Central and Eastern Europe,68.0,5.648,1.183,1.452,0.726,2019
Philippines,Southeast Asia,69.0,5.631,0.807,1.293,0.657,2019
Serbia,Central and Eastern Europe,70.0,5.603,1.004,1.383,0.854,2019
Moldova,Central and Eastern Europe,71.0,5.529,0.685,1.328,0.739,2019
Libya,Middle East and North Africa,72.0,5.525,1.044,1.303,0.673,2019
Montenegro,Central and Eastern Europe,73.0,5.523,1.051,1.361,0.871,2019
Tajikistan,Central and Eastern Europe,74.0,5.467,0.493,1.098,0.718,2019
Croatia,Central and Eastern Europe,75.0,5.432,1.155,1.266,0.914,2019
Hong Kong,East Asia,76.0,5.43,1.438,1.277,1.122,2019
Dominican Republic,Latin America and Caribbean,77.0,5.425,1.015,1.401,0.779,2019
Bosnia and Herzegovina,Central and Eastern Europe,78.0,5.386,0.945,1.212,0.845,2019
Turkey,Middle East and North Africa,79.0,5.373,1.183,1.36,0.808,2019
Malaysia,Southeast Asia,80.0,5.339,1.221,1.171,0.828,2019
Belarus,Central and Eastern Europe,81.0,5.323,1.067,1.465,0.789,2019
Greece,Western Europe,82.0,5.287,1.181,1.156,0.999,2019
Mongolia,East Asia,83.0,5.285,0.948,1.531,0.667,2019
North Macedonia,,84.0,5.274,0.983,1.294,0.838,2019
Nigeria,Sub-Saharan Africa,85.0,5.265,0.696,1.111,0.245,2019
Kyrgyzstan,Central and Eastern Europe,86.0,5.261,0.551,1.438,0.723,2019
Turkmenistan,Central and Eastern Europe,87.0,5.247,1.052,1.538,0.657,2019
Algeria,Middle East and North Africa,88.0,5.211,1.002,1.16,0.785,2019
Morocco,Middle East and North Africa,89.0,5.208,0.801,0.782,0.782,2019
Azerbaijan,Central and Eastern Europe,90.0,5.208,1.043,1.147,0.769,2019
Lebanon,Middle East and North Africa,91.0,5.197,0.987,1.224,0.815,2019
Indonesia,Southeast Asia,92.0,5.192,0.931,1.203,0.66,2019
China,East Asia,93.0,5.191,1.029,1.125,0.893,2019
Vietnam,Southeast Asia,94.0,5.175,0.741,1.346,0.851,2019
Bhutan,South Asia,95.0,5.082,0.813,1.321,0.604,2019
Cameroon,Sub-Saharan Africa,96.0,5.044,0.549,0.91,0.331,2019
Bulgaria,Central and Eastern Europe,97.0,5.011,1.092,1.513,0.815,2019
Ghana,Sub-Saharan Africa,98.0,4.996,0.611,0.868,0.486,2019
Ivory Coast,Sub-Saharan Africa,99.0,4.944,0.569,0.808,0.232,2019
Nepal,South Asia,100.0,4.913,0.446,1.226,0.677,2019
Jordan,Middle East and North Africa,101.0,4.906,0.837,1.225,0.815,2019
Benin,Sub-Saharan Africa,102.0,4.883,0.393,0.437,0.397,2019
Congo (Brazzaville),Sub-Saharan Africa,103.0,4.812,0.673,0.799,0.508,2019
Gabon,Sub-Saharan Africa,104.0,4.799,1.057,1.183,0.571,2019
Laos,Southeast Asia,105.0,4.796,0.764,1.03,0.551,2019
South Africa,Sub-Saharan Africa,106.0,4.722,0.96,1.351,0.469,2019
Albania,Central and Eastern Europe,107.0,4.719,0.947,0.848,0.874,2019
Venezuela,Latin America and Caribbean,108.0,4.707,0.96,1.427,0.805,2019
Cambodia,Southeast Asia,109.0,4.7,0.574,1.122,0.637,2019
Palestinian Territories,Middle East and North Africa,110.0,4.696,0.657,1.247,0.672,2019
Senegal,Sub-Saharan Africa,111.0,4.681,0.45,1.134,0.571,2019
Somalia,Sub-Saharan Africa,112.0,4.668,0.0,0.698,0.268,2019
Namibia,Sub-Saharan Africa,113.0,4.639,0.879,1.313,0.477,2019
Niger,Sub-Saharan Africa,114.0,4.628,0.138,0.774,0.366,2019
Burkina Faso,Sub-Saharan Africa,115.0,4.587,0.331,1.056,0.38,2019
Armenia,Central and Eastern Europe,116.0,4.559,0.85,1.055,0.815,2019
Iran,Middle East and North Africa,117.0,4.548,1.1,0.842,0.785,2019
Guinea,Sub-Saharan Africa,118.0,4.534,0.38,0.829,0.375,2019
Georgia,Central and Eastern Europe,119.0,4.519,0.886,0.666,0.752,2019
Gambia,,120.0,4.516,0.308,0.939,0.428,2019
Kenya,Sub-Saharan Africa,121.0,4.509,0.512,0.983,0.581,2019
Mauritania,Sub-Saharan Africa,122.0,4.49,0.57,1.167,0.489,2019
Mozambique,,123.0,4.466,0.204,0.986,0.39,2019
Tunisia,Middle East and North Africa,124.0,4.461,0.921,1.0,0.815,2019
Bangladesh,South Asia,125.0,4.456,0.562,0.928,0.723,2019
Iraq,Middle East and North Africa,126.0,4.437,1.043,0.98,0.574,2019
Congo (Kinshasa),Sub-Saharan Africa,127.0,4.418,0.094,1.125,0.357,2019
Mali,Sub-Saharan Africa,128.0,4.39,0.385,1.105,0.308,2019
Sierra Leone,Sub-Saharan Africa,129.0,4.374,0.268,0.841,0.242,2019
Sri Lanka,South Asia,130.0,4.366,0.949,1.265,0.831,2019
Myanmar,Southeast Asia,131.0,4.36,0.71,1.181,0.555,2019
Chad,Sub-Saharan Africa,132.0,4.35,0.35,0.766,0.192,2019
Ukraine,Central and Eastern Europe,133.0,4.332,0.82,1.39,0.739,2019
Ethiopia,Sub-Saharan Africa,134.0,4.286,0.336,1.033,0.532,2019
Swaziland,,135.0,4.212,0.811,1.149,0.0,2019
Uganda,Sub-Saharan Africa,136.0,4.189,0.332,1.069,0.443,2019
Egypt,Middle East and North Africa,137.0,4.166,0.913,1.039,0.644,2019
Zambia,Sub-Saharan Africa,138.0,4.107,0.578,1.058,0.426,2019
Togo,Sub-Saharan Africa,139.0,4.085,0.275,0.572,0.41,2019
India,South Asia,140.0,4.015,0.755,0.765,0.588,2019
Liberia,Sub-Saharan Africa,141.0,3.975,0.073,0.922,0.443,2019
Comoros,Sub-Saharan Africa,142.0,3.973,0.274,0.757,0.505,2019
Madagascar,Sub-Saharan Africa,143.0,3.933,0.274,0.916,0.555,2019
Lesotho,,144.0,3.802,0.489,1.169,0.168,2019
Burundi,Sub-Saharan Africa,145.0,3.775,0.046,0.447,0.38,2019
Zimbabwe,Sub-Saharan Africa,146.0,3.663,0.366,1.114,0.433,2019
Haiti,Latin America and Caribbean,147.0,3.597,0.323,0.688,0.449,2019
Botswana,Sub-Saharan Africa,148.0,3.488,1.041,1.145,0.538,2019
Syria,Middle East and North Africa,149.0,3.462,0.619,0.378,0.44,2019
Malawi,Sub-Saharan Africa,150.0,3.41,0.191,0.56,0.495,2019
Yemen,Middle East and North Africa,151.0,3.38,0.287,1.163,0.463,2019
Rwanda,Sub-Saharan Africa,152.0,3.334,0.359,0.711,0.614,2019
Tanzania,Sub-Saharan Africa,153.0,3.231,0.476,0.885,0.499,2019
Afghanistan,South Asia,154.0,3.203,0.35,0.517,0.361,2019
Central African Republic,,155.0,3.083,0.026,0.0,0.105,2019
South Sudan,Sub-Saharan Africa,156.0,2.853,0.306,0.575,0.295,2019
Finland,Western Europe,1.0,7.808700085,1.285189509,1.499525905,0.961271405,2020
Denmark,Western Europe,2.0,7.645599842,1.326948524,1.503449202,0.979332566,2020
Switzerland,Western Europe,3.0,7.559899807,1.39077425,1.472403407,1.040533185,2020
Iceland,Western Europe,4.0,7.504499912,1.326501608,1.547567487,1.000843406,2020
Norway,Western Europe,5.0,7.487999916,1.42420733,1.495172501,1.008071899,2020
Netherlands,Western Europe,6.0,7.448900223,1.338946342,1.463645935,0.975675344,2020
Sweden,Western Europe,7.0,7.353499889,1.322235227,1.433347702,0.986470461,2020
New Zealand,North America,8.0,7.299600124,1.242317915,1.48721838,1.008138299,2020
Austria,Western Europe,9.0,7.294199944,1.317285538,1.437444925,1.000933528,2020
Luxembourg,Western Europe,10.0,7.237500191,1.536676049,1.387528419,0.986442685,2020
Canada,North America,11.0,7.23210001,1.301647663,1.435391903,1.022501945,2020
Australia,North America,12.0,7.222799778,1.310396433,1.477146268,1.022607684,2020
United Kingdom,Western Europe,13.0,7.164500237,1.273061037,1.457844973,0.97570008,2020
Israel,Middle East and North Africa,14.0,7.128600121,1.216463685,1.403256774,1.008052945,2020
Costa Rica,Latin America and Caribbean,15.0,7.121399879,0.981107712,1.374853611,0.939635336,2020
Ireland,Western Europe,16.0,7.093699932,1.446886778,1.470596433,0.975670695,2020
Germany,Western Europe,17.0,7.075799942,1.314184546,1.368543744,0.972114801,2020
United States,North America,18.0,6.939599991,1.37398684,1.404786706,0.831618011,2020
Czech Republic,Central and Eastern Europe,19.0,6.910900116,1.212322354,1.40528667,0.89456445,2020
Belgium,Western Europe,20.0,6.863500118,1.295842767,1.398677588,0.964901149,2020
United Arab Emirates,Middle East and North Africa,21.0,6.790800095,1.431086421,1.251170993,0.787814438,2020
Malta,Western Europe,22.0,6.772799969,1.252513289,1.442956924,0.972042024,2020
France,Western Europe,23.0,6.663799763,1.268129349,1.458839178,1.029714227,2020
Mexico,Latin America and Caribbean,24.0,6.465000153,1.024387479,1.226333499,0.831601024,2020
Taiwan,East Asia,25.0,6.45539999,1.327470541,1.357760668,0.878437996,2020
Uruguay,Latin America and Caribbean,26.0,6.440100193,1.071000457,1.425081134,0.856928885,2020
Saudi Arabia,Middle East and North Africa,27.0,6.406499863,1.334328532,1.309950113,0.759818137,2020
Spain,Western Europe,28.0,6.400899887,1.230535269,1.421099186,1.051343083,2020
Guatemala,Latin America and Caribbean,29.0,6.398900032,0.753815711,1.174267054,0.705952585,2020
Italy,Western Europe,30.0,6.38740015,1.236396074,1.347296,1.022504926,2020
Singapore,Southeast Asia,31.0,6.377099991,1.519580126,1.39545691,1.137814283,2020
Brazil,Latin America and Caribbean,32.0,6.375599861,0.952679873,1.363464117,0.766119063,2020
Slovenia,Central and Eastern Europe,33.0,6.363399982,1.208652496,1.464677691,0.932548046,2020
El Salvador,Latin America and Caribbean,34.0,6.34829998,0.748940408,1.149397612,0.752730012,2020
Kosovo,Central and Eastern Europe,35.0,6.325200081,0.840481341,1.183962822,0.672709167,2020
Panama,Latin America and Caribbean,36.0,6.304800034,1.097667813,1.376149297,0.878546536,2020
Slovakia,Central and Eastern Europe,37.0,6.280600071,1.194837689,1.424331188,0.853465259,2020
Uzbekistan,Commonwealth of Independent States,38.0,6.257599831,0.696652949,1.434020042,0.716703713,2020
Chile,Latin America and Caribbean,39.0,6.228499889,1.096992493,1.323286891,0.889260828,2020
Bahrain,Middle East and North Africa,40.0,6.227300167,1.296692252,1.31532371,0.838836372,2020
Lithuania,Central and Eastern Europe,41.0,6.215499878,1.193559647,1.432865739,0.795421183,2020
Trinidad and Tobago,Latin America and Caribbean,42.0,6.191899776,1.167641521,1.407326221,0.658828557,2020
Poland,Central and Eastern Europe,43.0,6.186299801,1.16922915,1.310399771,0.868038476,2020
Colombia,Latin America and Caribbean,44.0,6.163400173,0.93220371,1.33445096,0.810020149,2020
Cyprus,Western Europe,45.0,6.15899992,1.21279943,1.149170756,1.026124597,2020
Nicaragua,Latin America and Caribbean,46.0,6.13710022,0.620033145,1.27081275,0.803093255,2020
Romania,Central and Eastern Europe,47.0,6.123700142,1.120401621,1.1944381,0.79229486,2020
Kuwait,Middle East and North Africa,48.0,6.102099895,1.424833655,1.244779825,0.776468933,2020
Mauritius,Sub-Saharan Africa,49.0,6.101299763,1.07366395,1.395666838,0.763389409,2020
Kazakhstan,Commonwealth of Independent States,50.0,6.057899952,1.122594237,1.453267694,0.698788941,2020
Estonia,Central and Eastern Europe,51.0,6.021800041,1.192441225,1.453232527,0.842615008,2020
Philippines,Southeast Asia,52.0,6.006000042,0.775120676,1.245381713,0.602189481,2020
Hungary,Central and Eastern Europe,53.0,6.000400066,1.164307117,1.423009396,0.806793869,2020
Thailand,Southeast Asia,54.0,5.998799801,1.007029295,1.347519517,0.793855846,2020
Argentina,Latin America and Caribbean,55.0,5.974699974,1.028465629,1.372543693,0.849773705,2020
Honduras,Latin America and Caribbean,56.0,5.953199863,0.598763585,1.186664104,0.791989982,2020
Latvia,Central and Eastern Europe,57.0,5.949999809,1.14139545,1.414398789,0.777902424,2020
Ecuador,Latin America and Caribbean,58.0,5.925199986,0.853383601,1.221027613,0.838837743,2020
Portugal,Western Europe,59.0,5.910900116,1.168800831,1.339530349,0.979315281,2020
Jamaica,Latin America and Caribbean,60.0,5.889800072,0.779058397,1.408289194,0.788434088,2020
South Korea,East Asia,61.0,5.872399807,1.245300651,1.133560538,1.022542596,2020
Japan,East Asia,62.0,5.870800018,1.26672411,1.332338691,1.072881341,2020
Peru,Latin America and Caribbean,63.0,5.796800137,0.91854918,1.208405972,0.824444175,2020
Serbia,Central and Eastern Europe,64.0,5.77820015,0.988181829,1.327448964,0.828403294,2020
Bolivia,Latin America and Caribbean,65.0,5.747499943,0.730976343,1.142350554,0.662445664,2020
Pakistan,South Asia,66.0,5.69329977,0.616799474,0.872979581,0.469933242,2020
Paraguay,Latin America and Caribbean,67.0,5.692100048,0.897990823,1.36819756,0.735869646,2020
Dominican Republic,Latin America and Caribbean,68.0,5.689199924,0.983191848,1.328888893,0.741901696,2020
Bosnia and Herzegovina,Central and Eastern Europe,69.0,5.674099922,0.91839546,1.203986526,0.813928187,2020
Moldova,Commonwealth of Independent States,70.0,5.607500076,0.707916796,1.237312198,0.713299453,2020
Tajikistan,Commonwealth of Independent States,71.0,5.555699825,0.474874616,1.218377709,0.680594802,2020
Montenegro,Central and Eastern Europe,72.0,5.54610014,1.010150075,1.265657902,0.839028895,2020
Russia,Commonwealth of Independent States,73.0,5.546000004,1.126999617,1.378644109,0.68044591,2020
Kyrgyzstan,Commonwealth of Independent States,74.0,5.541500092,0.513180971,1.341036677,0.680645883,2020
Belarus,Commonwealth of Independent States,75.0,5.539899826,1.018854499,1.38713932,0.75258857,2020
North Cyprus,Western Europe,76.0,5.53550005,1.21279943,1.183089137,1.026124597,2020
Greece,Western Europe,77.0,5.514999866,1.128070116,1.168973565,0.979431748,2020
Hong Kong,East Asia,78.0,5.510399818,1.376746058,1.243584275,1.136630654,2020
Croatia,Central and Eastern Europe,79.0,5.504700184,1.109024286,1.311264873,0.900575578,2020
Libya,Middle East and North Africa,80.0,5.488800049,1.021913767,1.196283698,0.615626633,2020
Mongolia,East Asia,81.0,5.456200123,0.904872775,1.458930612,0.615788162,2020
Malaysia,Southeast Asia,82.0,5.384300232,1.168421626,1.17400229,0.788511872,2020
Vietnam,Southeast Asia,83.0,5.353499889,0.718092382,1.253074765,0.819133997,2020
Indonesia,Southeast Asia,84.0,5.285600185,0.891720712,1.154800892,0.610437036,2020
Ivory Coast,Sub-Saharan Africa,85.0,5.233300209,0.537094414,0.799727261,0.154942513,2020
Benin,Sub-Saharan Africa,86.0,5.21600008,0.366244704,0.352428436,0.328062952,2020
Maldives,South Asia,87.0,5.197599888,0.937864304,1.402287602,0.914439559,2020
Congo (Brazzaville),Sub-Saharan Africa,88.0,5.194399834,0.633616745,0.757636011,0.458101124,2020
Azerbaijan,Commonwealth of Independent States,89.0,5.164800167,0.990272701,1.180613041,0.731134057,2020
Macedonia,Central and Eastern Europe,90.0,5.159800053,0.935371995,1.183173537,0.802994132,2020
Ghana,Sub-Saharan Africa,91.0,5.147999763,0.575862467,0.96636796,0.432162255,2020
Nepal,South Asia,92.0,5.137199879,0.444050372,1.100789309,0.66887939,2020
Turkey,Middle East and North Africa,93.0,5.131800175,1.127169251,1.197159171,0.781335294,2020
China,East Asia,94.0,5.123899937,0.990533412,1.132080674,0.867248535,2020
Turkmenistan,Commonwealth of Independent States,95.0,5.119100094,1.008963585,1.510476947,0.612448037,2020
Bulgaria,Central and Eastern Europe,96.0,5.101500034,1.046554685,1.460578918,0.777776897,2020
Morocco,Middle East and North Africa,97.0,5.094799995,0.75862211,0.645208478,0.745096922,2020
Cameroon,Sub-Saharan Africa,98.0,5.084899902,0.503958046,0.89972645,0.270189553,2020
Venezuela,Latin America and Caribbean,99.0,5.053199768,0.770238638,1.348546863,0.76702553,2020
Algeria,Middle East and North Africa,100.0,5.005099773,0.943856001,1.143003583,0.745418549,2020
Senegal,Sub-Saharan Africa,101.0,4.980800152,0.504061818,0.95459342,0.518391907,2020
Guinea,Sub-Saharan Africa,102.0,4.949299812,0.390007734,0.75136596,0.333655238,2020
Niger,Sub-Saharan Africa,103.0,4.909599781,0.108330332,0.703800142,0.298816353,2020
Laos,Southeast Asia,104.0,4.888599873,0.714693844,0.987391889,0.486378282,2020
Albania,Central and Eastern Europe,105.0,4.882699966,0.906653047,0.830483913,0.846329629,2020
Cambodia,Southeast Asia,106.0,4.848400116,0.544634938,1.071426034,0.587904334,2020
Bangladesh,South Asia,107.0,4.832799911,0.556156278,0.868800581,0.694940507,2020
Gabon,Sub-Saharan Africa,108.0,4.829299927,0.988044381,1.10639751,0.522574842,2020
South Africa,Sub-Saharan Africa,109.0,4.814099789,0.902140439,1.259086251,0.407034069,2020
Iraq,Middle East and North Africa,110.0,4.784800053,0.982018709,1.011466622,0.529350698,2020
Lebanon,Middle East and North Africa,111.0,4.771500111,0.889232516,1.19249332,0.788671136,2020
Burkina Faso,Sub-Saharan Africa,112.0,4.768700123,0.302467644,0.9293859,0.312833875,2020
Gambia,Sub-Saharan Africa,113.0,4.750599861,0.256990552,0.882678688,0.353247881,2020
Mali,Sub-Saharan Africa,114.0,4.729300022,0.352462649,0.97314173,0.234981522,2020
Nigeria,Sub-Saharan Africa,115.0,4.724100113,0.645901859,0.986717939,0.167835936,2020
Armenia,Commonwealth of Independent States,116.0,4.676799774,0.808262408,1.034576893,0.77585727,2020
Georgia,Commonwealth of Independent States,117.0,4.672599792,0.847198069,0.7311939,0.694657624,2020
Iran,Middle East and North Africa,118.0,4.672399998,1.029322505,0.886271179,0.749053836,2020
Jordan,Middle East and North Africa,119.0,4.633399963,0.785179198,1.140118599,0.777624726,2020
Mozambique,Sub-Saharan Africa,120.0,4.623600006,0.178741366,0.955202878,0.324223638,2020
Kenya,Sub-Saharan Africa,121.0,4.583000183,0.476413399,0.905077755,0.536312759,2020
Namibia,Sub-Saharan Africa,122.0,4.571100235,0.84008199,1.245738149,0.40687117,2020
Ukraine,Commonwealth of Independent States,123.0,4.56069994,0.780434608,1.321316481,0.698674381,2020
Liberia,Sub-Saharan Africa,124.0,4.557899952,0.174103007,0.920733929,0.392284274,2020
Palestinian Territories,Middle East and North Africa,125.0,4.552800179,0.587819219,1.194755554,0.613826573,2020
Uganda,Sub-Saharan Africa,126.0,4.43200016,0.312337428,1.052327394,0.378311664,2020
Chad,Sub-Saharan Africa,127.0,4.422699928,0.302287489,0.739118278,0.1087441,2020
Tunisia,Middle East and North Africa,128.0,4.392199993,0.874742687,0.872167706,0.781156719,2020
Mauritania,Sub-Saharan Africa,129.0,4.374599934,0.539684892,1.113323569,0.425184816,2020
Sri Lanka,South Asia,130.0,4.327000141,0.897986948,1.19494009,0.792036712,2020
Congo (Kinshasa),Sub-Saharan Africa,131.0,4.31099987,0.062487468,0.833055019,0.277212054,2020
Swaziland,Sub-Saharan Africa,132.0,4.308100224,0.827539742,1.064835191,0.215585828,2020
Myanmar,Southeast Asia,133.0,4.308000088,0.67809093,1.098178267,0.495443076,2020
Comoros,Sub-Saharan Africa,134.0,4.288599968,0.415620774,0.723232806,0.437383324,2020
Togo,Sub-Saharan Africa,135.0,4.187200069,0.268116266,0.547622859,0.342731178,2020
Ethiopia,Sub-Saharan Africa,136.0,4.186200142,0.315125644,1.001103282,0.483846247,2020
Madagascar,Sub-Saharan Africa,137.0,4.165599823,0.244553208,0.823694348,0.500617027,2020
Egypt,Middle East and North Africa,138.0,4.151400089,0.875228941,0.982539535,0.596911311,2020
Sierra Leone,Sub-Saharan Africa,139.0,3.926399946,0.240560383,0.747984946,0.203953966,2020
Burundi,Sub-Saharan Africa,140.0,3.775300026,0.0,0.403575271,0.295212835,2020
Zambia,Sub-Saharan Africa,141.0,3.759399891,0.536833763,0.896037281,0.36359334,2020
Haiti,Latin America and Caribbean,142.0,3.720799923,0.284734428,0.646671355,0.37436673,2020
Lesotho,Sub-Saharan Africa,143.0,3.652800083,0.45493874,1.088940024,0.100934811,2020
India,South Asia,144.0,3.573299885,0.730576158,0.644198656,0.54057014,2020
Malawi,Sub-Saharan Africa,145.0,3.538000107,0.176534727,0.53036809,0.446163297,2020
Yemen,Middle East and North Africa,146.0,3.527400017,0.392701775,1.177477121,0.41500017,2020
Botswana,Sub-Saharan Africa,147.0,3.478899956,0.997548997,1.08569479,0.494101733,2020
Tanzania,Sub-Saharan Africa,148.0,3.476200104,0.457163125,0.872674644,0.442677855,2020
Central African Republic,Sub-Saharan Africa,149.0,3.475899935,0.041072082,0.0,0.0,2020
Rwanda,Sub-Saharan Africa,150.0,3.312299967,0.343242675,0.522876322,0.572383285,2020
Zimbabwe,Sub-Saharan Africa,151.0,3.299200058,0.425564021,1.047835231,0.375037611,2020
South Sudan,Sub-Saharan Africa,152.0,2.816600084,0.289082974,0.553278506,0.208809033,2020
Afghanistan,South Asia,153.0,2.566900015,0.30070585,0.356433839,0.266051531,2020
Finland,Western Europe,1.0,7.842,1.446,1.21195053057332,0.741,2021
Denmark,Western Europe,2.0,7.62,1.502,1.2197024356626278,0.763,2021
Switzerland,Western Europe,3.0,7.571,1.566,1.107299811867665,0.816,2021
Iceland,Western Europe,4.0,7.554,1.482,1.467763398520476,0.772,2021
Netherlands,Western Europe,5.0,7.464,1.501,1.107299811867665,0.753,2021
Norway,Western Europe,6.0,7.392,1.543,1.2197024356626278,0.782,2021
Sweden,Western Europe,7.0,7.363,1.478,1.041408618608549,0.763,2021
Luxembourg,Western Europe,8.0,7.324,1.751,0.8127274184739688,0.76,2021
New Zealand,North America,9.0,7.277,1.4,1.1654391000374733,0.785,2021
Austria,Western Europe,10.0,7.268,1.492,1.041408618608549,0.782,2021
Australia,North America,11.0,7.183,1.453,1.0956719542337034,0.801,2021
Israel,Middle East and North Africa,12.0,7.157,1.376,1.0879200491443957,0.788,2021
Germany,Western Europe,13.0,7.155,1.48,0.7739678930274303,0.757,2021
Canada,North America,14.0,7.103,1.447,0.9716414728047787,0.798,2021
Ireland,Western Europe,15.0,7.085,1.644,1.1576871949481655,0.753,2021
Costa Rica,Latin America and Caribbean,16.0,7.069,1.134,0.6693171743217752,0.722,2021
United Kingdom,Western Europe,17.0,7.064,1.423,1.041408618608549,0.757,2021
Czech Republic,Central and Eastern Europe,18.0,6.965,1.37,1.149935289858858,0.703,2021
United States,North America,19.0,6.951,1.533,0.9173781371796242,0.621,2021
Belgium,Western Europe,20.0,6.834,1.463,0.7933476557506998,0.747,2021
France,Western Europe,21.0,6.69,1.421,1.1150517169569725,0.804,2021
Bahrain,Middle East and North Africa,22.0,6.647,1.409,0.4096283538299647,0.662,2021
Malta,Western Europe,23.0,6.602,1.411,1.0142769507959712,0.747,2021
Taiwan,East Asia,24.0,6.584,1.48,0.7313324150362375,0.665,2021
United Arab Emirates,Middle East and North Africa,25.0,6.561,1.555,0.258466204588463,0.594,2021
Saudi Arabia,Middle East and North Africa,26.0,6.494,1.435,0.6615652692324674,0.571,2021
Spain,Western Europe,27.0,6.491,1.375,1.022028855885279,0.826,2021
Italy,Western Europe,28.0,6.483,1.393,0.568542408160774,0.798,2021
Slovenia,Central and Eastern Europe,29.0,6.461,1.36,1.1615631474928192,0.722,2021
Guatemala,Latin America and Caribbean,30.0,6.435,0.845,-0.012850473537309,0.519,2021
Uruguay,Latin America and Caribbean,31.0,6.431,1.164,0.963889567715471,0.649,2021
Singapore,Southeast Asia,32.0,6.377,1.695,0.8747426591884311,0.897,2021
Kosovo,Central and Eastern Europe,33.0,6.372,0.937,0.0530407197218071,0.483,2021
Slovakia,Central and Eastern Europe,34.0,6.331,1.304,1.0569124287871643,0.653,2021
Brazil,Latin America and Caribbean,35.0,6.33,1.028,0.5840462183393895,0.571,2021
Mexico,Latin America and Caribbean,36.0,6.317,1.126,0.1421876282488462,0.634,2021
Jamaica,Latin America and Caribbean,37.0,6.309,0.891,0.5375347878035432,0.599,2021
Lithuania,Central and Eastern Europe,38.0,6.255,1.35,1.0530364762425102,0.612,2021
Cyprus,Western Europe,39.0,6.223,1.377,-0.1097492871536564,0.801,2021
Estonia,Central and Eastern Europe,40.0,6.189,1.344,1.107299811867665,0.64,2021
Panama,Latin America and Caribbean,41.0,6.18,1.298,0.7080766997683141,0.667,2021
Uzbekistan,Commonwealth of Independent States,42.0,6.179,0.769,0.9057502795456622,0.528,2021
Chile,Latin America and Caribbean,43.0,6.172,1.2,0.5917981234286973,0.678,2021
Poland,Central and Eastern Europe,44.0,6.166,1.309,0.7313324150362375,0.668,2021
Kazakhstan,Commonwealth of Independent States,45.0,6.152,1.23,1.200322672939358,0.527,2021
Romania,Central and Eastern Europe,46.0,6.14,1.275,0.149939533338154,0.595,2021
Kuwait,Middle East and North Africa,47.0,6.106,1.461,0.2468383469545013,0.58,2021
Serbia,Central and Eastern Europe,48.0,6.078,1.101,0.5065271674463121,0.634,2021
El Salvador,Latin America and Caribbean,49.0,6.061,0.845,-0.4585850161725063,0.565,2021
Mauritius,Sub-Saharan Africa,50.0,6.049,1.178,0.785595750661392,0.574,2021
Latvia,Central and Eastern Europe,51.0,6.032,1.285,0.98326933043874,0.587,2021
Colombia,Latin America and Caribbean,52.0,6.012,1.021,0.2817219198563863,0.615,2021
Hungary,Central and Eastern Europe,53.0,5.992,1.301,1.1228036220462805,0.615,2021
Thailand,Southeast Asia,54.0,5.985,1.107,0.6344336014198901,0.596,2021
Nicaragua,Latin America and Caribbean,55.0,5.972,0.693,0.4290081165532342,0.604,2021
Japan,East Asia,56.0,5.94,1.389,0.603425981062659,0.838,2021
Argentina,Latin America and Caribbean,57.5,5.929,1.162,0.7235805099469297,0.646,2021
Portugal,Western Europe,57.5,5.929,1.323,0.56466645561612,0.76,2021
Honduras,Latin America and Caribbean,59.0,5.919,0.703,-0.0244783311712707,0.593,2021
Croatia,Central and Eastern Europe,60.0,5.882,1.251,0.9522617100815088,0.703,2021
Philippines,Southeast Asia,61.0,5.88,0.853,0.1344357231595384,0.426,2021
South Korea,East Asia,62.0,5.845,1.403,-0.1368809549662336,0.801,2021
Peru,Latin America and Caribbean,63.0,5.84,0.986,0.1538154858828078,0.623,2021
Bosnia and Herzegovina,Central and Eastern Europe,64.0,5.813,1.032,0.4871474047230426,0.618,2021
Moldova,Commonwealth of Independent States,65.0,5.766,0.985,0.366992875838772,0.542,2021
Ecuador,Latin America and Caribbean,66.0,5.764,0.935,0.0491647671771532,0.64,2021
Kyrgyzstan,Commonwealth of Independent States,67.0,5.744,0.665,0.6886969370450446,0.501,2021
Greece,Western Europe,68.0,5.723,1.273,0.0685445299004226,0.76,2021
Bolivia,Latin America and Caribbean,69.0,5.716,0.842,-0.0438580938945402,0.486,2021
Mongolia,East Asia,70.0,5.677,0.966,1.0530364762425102,0.442,2021
Paraguay,Latin America and Caribbean,71.0,5.653,0.983,0.6848209845003908,0.549,2021
Montenegro,Central and Eastern Europe,72.0,5.581,1.155,0.3786207334727337,0.637,2021
Dominican Republic,Latin America and Caribbean,73.0,5.545,1.106,0.3321093029368869,0.555,2021
North Cyprus,Western Europe,74.0,5.536,1.377,0.0491647671771532,0.801,2021
Belarus,Commonwealth of Independent States,75.0,5.534,1.124,0.8282312286525844,0.56,2021
Russia,Commonwealth of Independent States,76.5,5.477,1.241,0.7700919404827764,0.511,2021
Hong Kong,East Asia,76.5,5.477,1.525,0.184823106240039,0.893,2021
Tajikistan,Commonwealth of Independent States,78.0,5.466,0.508,0.3941245436513492,0.498,2021
Vietnam,Southeast Asia,79.0,5.411,0.817,0.3088535876689636,0.616,2021
Libya,Middle East and North Africa,80.0,5.41,1.044,0.1073040553469611,0.435,2021
Malaysia,Southeast Asia,81.0,5.384,1.259,0.0142811942752681,0.587,2021
Indonesia,Southeast Asia,82.0,5.345,0.954,-0.0283542837159246,0.433,2021
Congo (Brazzaville),Sub-Saharan Africa,83.0,5.342,0.518,-1.555479586309557,0.307,2021
China,East Asia,84.0,5.339,1.061,-0.0322302362605785,0.665,2021
Ivory Coast,Sub-Saharan Africa,85.0,5.306,0.669,-1.489588393050441,0.052,2021
Armenia,Commonwealth of Independent States,86.0,5.283,0.996,-0.1368809549662336,0.585,2021
Nepal,South Asia,87.0,5.269,0.519,-0.3539342974668516,0.496,2021
Bulgaria,Central and Eastern Europe,88.0,5.266,1.181,1.0142769507959712,0.583,2021
Maldives,South Asia,89.0,5.198,1.115,0.8592388490098155,0.697,2021
Azerbaijan,Commonwealth of Independent States,90.0,5.171,1.025,0.184823106240039,0.541,2021
Cameroon,Sub-Saharan Africa,91.0,5.142,0.543,-0.9198233689863192,0.159,2021
Senegal,Sub-Saharan Africa,92.0,5.132,0.518,-0.9120714638970112,0.357,2021
Albania,Central and Eastern Europe,93.0,5.117,1.008,-1.0244740876919742,0.646,2021
North Macedonia,Central and Eastern Europe,94.0,5.101,1.068,-0.0826176193410791,0.535,2021
Ghana,Sub-Saharan Africa,95.0,5.088,0.68,-0.7686612197448177,0.287,2021
Niger,Sub-Saharan Africa,96.0,5.074,0.162,-1.516720060863018,0.167,2021
Turkmenistan,Commonwealth of Independent States,97.0,5.066,1.046,1.467763398520476,0.439,2021
Gambia,Sub-Saharan Africa,98.0,5.051,0.367,-1.0942412334957443,0.21,2021
Benin,Sub-Saharan Africa,99.0,5.045,0.507,-2.850047736223956,0.196,2021
Laos,Southeast Asia,100.0,5.03,0.808,-0.757033362110856,0.33,2021
Bangladesh,South Asia,101.0,5.025,0.635,-1.0593576605938593,0.514,2021
Guinea,Sub-Saharan Africa,102.0,4.984,0.42,-1.5283479184969797,0.206,2021
South Africa,Sub-Saharan Africa,103.0,4.956,0.967,0.3941245436513492,0.265,2021
Turkey,Middle East and North Africa,104.0,4.948,1.26,0.0607926248111148,0.59,2021
Pakistan,South Asia,105.0,4.934,0.637,-1.4353250574252865,0.322,2021
Morocco,Middle East and North Africa,106.0,4.918,0.792,-2.22601937653468,0.558,2021
Venezuela,Latin America and Caribbean,107.0,4.892,0.852,0.401876448740657,0.574,2021
Georgia,Commonwealth of Independent States,108.0,4.891,1.03,-1.253155287826554,0.498,2021
Algeria,Middle East and North Africa,109.0,4.887,0.946,-0.1097492871536564,0.552,2021
Ukraine,Commonwealth of Independent States,110.0,4.875,0.979,0.638309553964544,0.517,2021
Iraq,Middle East and North Africa,111.0,4.854,0.91,-0.6019952603247003,0.381,2021
Gabon,Sub-Saharan Africa,112.0,4.852,1.037,-0.3345545347435821,0.362,2021
Burkina Faso,Sub-Saharan Africa,113.0,4.834,0.364,-1.2454033827372462,0.179,2021
Cambodia,Southeast Asia,114.0,4.83,0.603,-0.4392052534492368,0.426,2021
Mozambique,Sub-Saharan Africa,115.0,4.794,0.183,-0.6174990705033159,0.196,2021
Nigeria,Sub-Saharan Africa,116.0,4.759,0.663,-0.6523826434052009,0.051,2021
Mali,Sub-Saharan Africa,117.0,4.723,0.387,-0.7880409824680872,0.11,2021
Iran,Middle East and North Africa,118.0,4.721,1.03,-0.9159474164416652,0.561,2021
Uganda,Sub-Saharan Africa,119.0,4.636,0.364,-0.2919190567523893,0.24,2021
Liberia,Sub-Saharan Africa,120.0,4.625,0.228,-0.8268005079146261,0.253,2021
Kenya,Sub-Saharan Africa,121.0,4.607,0.603,-1.105869091129706,0.385,2021
Tunisia,Middle East and North Africa,122.0,4.596,0.919,-1.0787374233171287,0.59,2021
Lebanon,Middle East and North Africa,123.0,4.584,1.045,0.2894738249456941,0.595,2021
Namibia,Sub-Saharan Africa,124.0,4.574,0.882,0.0297850044538837,0.262,2021
Palestinian Territories,Middle East and North Africa,125.0,4.517,0.646,0.0995521502576533,0.434,2021
Myanmar,Southeast Asia,126.0,4.426,0.666,-0.3112988194756588,0.341,2021
Jordan,Middle East and North Africa,127.0,4.395,0.89,-0.4198254907259673,0.583,2021
Chad,Sub-Saharan Africa,128.0,4.355,0.255,-1.7066417355510588,0.0,2021
Sri Lanka,South Asia,129.0,4.325,0.99,0.1034281028023072,0.593,2021
Swaziland,Sub-Saharan Africa,130.0,4.308,0.849,-0.3888178703687366,0.074,2021
Comoros,Sub-Saharan Africa,131.0,4.289,0.488,-1.6523783999259043,0.279,2021
Egypt,Middle East and North Africa,132.0,4.283,0.954,-0.5671116874228153,0.426,2021
Ethiopia,Sub-Saharan Africa,133.0,4.275,0.37,-0.4430812059938907,0.331,2021
Mauritania,Sub-Saharan Africa,134.0,4.227,0.666,-0.1717645278681186,0.273,2021
Madagascar,Sub-Saharan Africa,135.0,4.208,0.266,-1.1252488538529757,0.341,2021
Togo,Sub-Saharan Africa,136.0,4.107,0.254,-2.148500325641602,0.203,2021
Zambia,Sub-Saharan Africa,137.0,4.073,0.528,-0.9353271791649348,0.231,2021
Sierra Leone,Sub-Saharan Africa,138.0,3.849,0.279,-1.6136188744793654,0.1,2021
India,South Asia,139.0,3.819,0.741,-1.8500519797032529,0.383,2021
Burundi,Sub-Saharan Africa,140.0,3.775,0.0,-2.8345439260453404,0.155,2021
Yemen,Middle East and North Africa,141.0,3.658,0.329,0.1460635807935001,0.272,2021
Tanzania,Sub-Saharan Africa,142.0,3.623,0.433,-0.9818386097007814,0.3,2021
Haiti,Latin America and Caribbean,143.0,3.615,0.294,-2.4043131935887585,0.227,2021
Malawi,Sub-Saharan Africa,144.0,3.6,0.113,-2.423692956312028,0.298,2021
Lesotho,Sub-Saharan Africa,145.0,3.512,0.451,-0.2415316736718887,0.007,2021
Botswana,Sub-Saharan Africa,146.0,3.467,1.099,-0.2686633414844659,0.34,2021
Rwanda,Sub-Saharan Africa,147.0,3.415,0.364,-2.2919105697937963,0.407,2021
Zimbabwe,Sub-Saharan Africa,148.0,3.145,0.457,-0.5593597823335075,0.243,2021
Afghanistan,South Asia,149.0,2.523,0.37,-3.074852983813882,0.126,2021
Finland,Western Europe,1.0,7.821,1.892,1.261413757421955,0.775,2022
Denmark,Western Europe,2.0,7.636,1.953,1.2076812411075917,0.777,2022
Iceland,Western Europe,3.0,7.557,1.936,1.483508158187993,0.803,2022
Switzerland,Western Europe,4.0,7.512,2.026,1.146784389284645,0.822,2022
Netherlands,Western Europe,5.0,7.415,1.945,1.0751410341988263,0.787,2022
Luxembourg*,,6.0,7.404,2.209,0.8924504787299891,0.79,2022
Sweden,Western Europe,7.0,7.384,1.92,1.0679766986902446,0.803,2022
Norway,Western Europe,8.0,7.365,1.997,1.1933525700904275,0.786,2022
Israel,Middle East and North Africa,9.0,7.364,1.826,1.1288735505131908,0.818,2022
New Zealand,North America,10.0,7.2,1.852,1.1790238990732638,0.752,2022
Austria,Western Europe,11.0,7.163,1.931,0.9282721562728984,0.774,2022
Australia,North America,12.0,7.162,1.9,1.064394530935954,0.772,2022
Ireland,Western Europe,13.0,7.041,2.129,0.9318543240271888,0.779,2022
Germany,Western Europe,14.0,7.034,1.924,0.6524452391924968,0.776,2022
Canada,North America,15.0,7.025,1.886,1.0106620146215894,0.783,2022
United States,North America,16.0,6.977,1.982,0.9891690080958438,0.628,2022
United Kingdom,Western Europe,17.0,6.943,1.867,0.8494644656784979,0.75,2022
Czechia,,18.0,6.92,1.815,1.2685780929305368,0.715,2022
Belgium,Western Europe,19.0,6.805,1.907,0.7169242587697336,0.764,2022
France,Western Europe,20.0,6.687,1.863,1.1217092150046089,0.808,2022
Bahrain,Middle East and North Africa,21.0,6.647,1.854,0.4410973416893312,0.625,2022
Slovenia,Central and Eastern Europe,22.0,6.63,1.81,1.229174247633337,0.769,2022
Costa Rica,Latin America and Caribbean,23.0,6.582,1.584,0.5306515355466049,0.744,2022
United Arab Emirates,Middle East and North Africa,24.0,6.576,1.998,0.2655711217290757,0.633,2022
Saudi Arabia,Middle East and North Africa,25.0,6.523,1.87,0.6667739102096605,0.577,2022
Taiwan,East Asia,26.0,6.512,1.897,0.6775204134725329,0.733,2022
Singapore,Southeast Asia,27.0,6.48,2.149,0.7921497816098428,0.851,2022
Romania,Central and Eastern Europe,28.0,6.477,1.719,0.35870748334064,0.655,2022
Spain,Western Europe,29.0,6.476,1.808,1.0930518729702814,0.808,2022
Uruguay,Latin America and Caribbean,30.0,6.474,1.615,0.982004672587262,0.672,2022
Italy,Western Europe,31.0,6.467,1.834,0.5234872000380231,0.801,2022
Kosovo,Central and Eastern Europe,32.0,6.455,1.362,0.1545239213460567,0.569,2022
Malta,Western Europe,33.0,6.447,1.838,0.942600827290062,0.789,2022
Lithuania,Central and Eastern Europe,34.0,6.446,1.804,1.0679766986902446,0.659,2022
Slovakia,Central and Eastern Europe,35.0,6.391,1.736,1.1682773958103907,0.707,2022
Estonia,Central and Eastern Europe,36.0,6.341,1.793,1.1682773958103907,0.728,2022
Panama,Latin America and Caribbean,37.0,6.309,1.715,0.7205064265240242,0.709,2022
Brazil,Latin America and Caribbean,38.0,6.293,1.462,0.4948298580036956,0.615,2022
Guatemala*,,39.0,6.262,1.274,-0.2681718736602732,0.522,2022
Kazakhstan,Commonwealth of Independent States,40.0,6.234,1.668,1.1252913827588995,0.611,2022
Cyprus,Western Europe,41.0,6.221,1.815,0.0112372111744197,0.819,2022
Latvia,Central and Eastern Europe,42.0,6.18,1.732,1.1288735505131908,0.637,2022
Serbia,Central and Eastern Europe,43.0,6.178,1.55,0.6452809036839149,0.658,2022
Chile,Latin America and Caribbean,44.0,6.172,1.651,0.6237878971581693,0.748,2022
Nicaragua,Latin America and Caribbean,45.0,6.165,1.105,0.4410973416893312,0.617,2022
Mexico,Latin America and Caribbean,46.0,6.128,1.552,-0.0711526471742717,0.623,2022
Croatia,Central and Eastern Europe,47.0,6.125,1.705,0.9927511758501352,0.709,2022
Poland,Central and Eastern Europe,48.0,6.123,1.758,0.9605116660615164,0.712,2022
El Salvador,Latin America and Caribbean,49.0,6.12,1.265,-0.4938484421806017,0.607,2022
Kuwait*,,50.0,6.106,1.904,0.2763176249919485,0.747,2022
Hungary,Central and Eastern Europe,51.0,6.086,1.748,1.171859563564682,0.668,2022
Mauritius,Sub-Saharan Africa,52.0,6.071,1.591,0.752745936312643,0.568,2022
Uzbekistan,Commonwealth of Independent States,53.0,6.063,1.219,0.6667739102096605,0.6,2022
Japan,East Asia,54.0,6.039,1.835,0.6560274069467873,0.866,2022
Honduras,Latin America and Caribbean,55.0,6.022,1.111,-0.0747348149285626,0.555,2022
Portugal,Western Europe,56.0,6.016,1.76,0.6166235616495874,0.777,2022
Argentina,Latin America and Caribbean,57.0,5.967,1.592,0.7025955877525699,0.662,2022
Greece,Western Europe,58.0,5.948,1.703,0.2655711217290757,0.774,2022
South Korea,East Asia,59.0,5.935,1.851,-0.0711526471742717,0.841,2022
Philippines,Southeast Asia,60.0,5.904,1.268,0.0219837144372925,0.514,2022
Thailand,Southeast Asia,61.0,5.891,1.535,0.6811025812268242,0.697,2022
Moldova,Commonwealth of Independent States,62.0,5.857,1.417,0.365871818849222,0.597,2022
Jamaica,Latin America and Caribbean,63.0,5.85,1.296,0.4984120257579861,0.646,2022
Kyrgyzstan,Commonwealth of Independent States,64.0,5.828,1.069,0.727670762032606,0.638,2022
Belarus*,,65.0,5.821,1.562,0.8996148142385709,0.629,2022
Colombia,Latin America and Caribbean,66.0,5.781,1.452,0.0828805662602384,0.72,2022
Bosnia and Herzegovina,Central and Eastern Europe,67.0,5.768,1.468,0.5808018841066781,0.665,2022
Mongolia,East Asia,68.0,5.761,1.393,1.0429015244102082,0.467,2022
Dominican Republic,Latin America and Caribbean,69.0,5.737,1.538,0.3479609800777669,0.577,2022
Malaysia,Southeast Asia,70.0,5.711,1.689,0.1151200760488564,0.62,2022
Bolivia,Latin America and Caribbean,71.0,5.6,1.256,-0.0926456537000173,0.555,2022
China,East Asia,72.0,5.585,1.508,0.1867634311346752,0.705,2022
Paraguay,Latin America and Caribbean,73.0,5.578,1.409,0.8028962848727152,0.624,2022
Peru,Latin America and Caribbean,74.0,5.559,1.397,-0.1463781700143814,0.735,2022
Montenegro,Central and Eastern Europe,75.0,5.547,1.573,0.4196043351635856,0.659,2022
Ecuador,Latin America and Caribbean,76.0,5.533,1.352,-0.0962278214543082,0.708,2022
Vietnam,Southeast Asia,77.0,5.485,1.252,0.0936270695231112,0.611,2022
Turkmenistan*,,78.0,5.474,1.484,1.4799259904337017,0.516,2022
North Cyprus*,,79.0,5.467,1.815,-0.0639883116656898,0.819,2022
Russia,Commonwealth of Independent States,80.0,5.459,1.685,0.6775204134725329,0.586,2022
Hong Kong,East Asia,81.0,5.425,1.957,0.1724347601175114,0.942,2022
Armenia,Commonwealth of Independent States,82.0,5.399,1.434,-0.3075757189574735,0.668,2022
Tajikistan,Commonwealth of Independent States,83.0,5.377,0.966,0.3551253155863487,0.518,2022
Nepal,South Asia,84.0,5.377,0.984,-0.4365337581119467,0.499,2022
Bulgaria,Central and Eastern Europe,85.0,5.371,1.625,0.9211078207643164,0.64,2022
Libya*,,86.0,5.33,1.476,0.1330309148203111,0.606,2022
Indonesia,Southeast Asia,87.0,5.24,1.382,-0.0818991504371445,0.539,2022
Ivory Coast,Sub-Saharan Africa,88.0,5.235,1.094,-1.6616351300794456,0.322,2022
North Macedonia,Central and Eastern Europe,89.0,5.199,1.505,-0.1535425055229632,0.637,2022
Albania,Central and Eastern Europe,90.0,5.199,1.439,-0.9308729082040954,0.719,2022
South Africa,Sub-Saharan Africa,91.0,5.194,1.425,0.6524452391924968,0.361,2022
Azerbaijan*,,92.0,5.173,1.458,0.670356077963951,0.56,2022
Gambia*,,93.0,5.164,0.785,-1.0204271020613689,0.369,2022
Bangladesh,South Asia,94.0,5.155,1.06,-1.0455022763414052,0.581,2022
Laos,Southeast Asia,95.0,5.14,1.239,-0.902215566169768,0.479,2022
Algeria,Middle East and North Africa,96.0,5.122,1.363,0.2297494441861664,0.643,2022
Liberia*,,97.0,5.122,0.636,-0.8449008821011129,0.309,2022
Ukraine,Commonwealth of Independent States,98.0,5.084,1.411,0.6273700649124598,0.583,2022
Congo,,99.0,5.075,0.95,-1.79417533698821,0.355,2022
Morocco,Middle East and North Africa,100.0,5.06,1.208,-2.284932319326068,0.565,2022
Mozambique,Sub-Saharan Africa,101.0,5.048,0.578,-0.8807225596440224,0.191,2022
Cameroon,Sub-Saharan Africa,102.0,5.048,0.968,-0.837736546592531,0.317,2022
Senegal,Sub-Saharan Africa,103.0,5.046,0.933,-1.3464043677018436,0.447,2022
Niger*,,104.0,5.003,0.57,-1.2389393350731157,0.326,2022
Georgia,Commonwealth of Independent States,105.0,4.973,1.467,-1.0526666118499872,0.595,2022
Gabon,Sub-Saharan Africa,106.0,4.958,1.459,-0.6013134748093297,0.396,2022
Iraq,Middle East and North Africa,107.0,4.941,1.289,-0.8019148690496217,0.554,2022
Venezuela,Latin America and Caribbean,108.0,4.925,0.0,0.2225851086775845,0.578,2022
Guinea,Sub-Saharan Africa,109.0,4.891,0.848,-1.2174463285473702,0.275,2022
Iran,Middle East and North Africa,110.0,4.888,1.41,-0.590566971546457,0.642,2022
Ghana,Sub-Saharan Africa,111.0,4.872,1.112,-1.113563463672933,0.409,2022
Turkey,Middle East and North Africa,112.0,4.744,1.707,-0.1463781700143814,0.702,2022
Burkina Faso,Sub-Saharan Africa,113.0,4.67,0.779,-1.221028496301661,0.32,2022
Cambodia,Southeast Asia,114.0,4.64,1.019,-0.6228064813350754,0.505,2022
Benin,Sub-Saharan Africa,115.0,4.623,0.932,-3.0156945412014178,0.335,2022
Comoros*,,116.0,4.609,0.899,-1.539841426433554,0.424,2022
Uganda,Sub-Saharan Africa,117.0,4.603,0.777,-0.110556492471472,0.418,2022
Nigeria,Sub-Saharan Africa,118.0,4.552,1.079,-0.6228064813350754,0.3,2022
Kenya,Sub-Saharan Africa,119.0,4.543,1.032,-1.0777417861300238,0.401,2022
Tunisia,Middle East and North Africa,120.0,4.516,1.35,-1.109981295918642,0.656,2022
Pakistan,South Asia,121.0,4.516,1.049,-1.7655179949538828,0.374,2022
Palestinian Territories*,,122.0,4.483,1.148,0.1831812633803842,0.521,2022
Mali,Sub-Saharan Africa,123.0,4.479,0.792,-1.5147662521535177,0.311,2022
Namibia,Sub-Saharan Africa,124.0,4.459,1.292,-0.1033921569628901,0.354,2022
"Eswatini, Kingdom of*",,125.0,4.396,1.274,-0.4293694226033648,0.197,2022
Myanmar,Southeast Asia,126.0,4.394,1.038,-0.275336209168855,0.491,2022
Sri Lanka,South Asia,127.0,4.362,1.415,0.1007914050316931,0.66,2022
Madagascar*,,128.0,4.339,0.67,-0.9344550759583864,0.378,2022
Egypt,Middle East and North Africa,129.0,4.288,1.388,-0.6228064813350754,0.548,2022
Chad*,,130.0,4.251,0.662,-1.432376393804826,0.225,2022
Ethiopia,Sub-Saharan Africa,131.0,4.241,0.788,-0.3469795642546733,0.457,2022
Yemen*,,132.0,4.197,0.691,0.4912476902494043,0.384,2022
Mauritania*,,133.0,4.153,1.1,-0.1463781700143814,0.45,2022
Jordan,Middle East and North Africa,134.0,4.152,1.324,-0.6514638233694029,0.675,2022
Togo,Sub-Saharan Africa,135.0,4.112,0.771,-2.0914952605943573,0.36,2022
India,South Asia,136.0,3.777,1.167,-1.898058201862647,0.471,2022
Zambia,Sub-Saharan Africa,137.0,3.76,0.93,-1.17804248325017,0.306,2022
Malawi,Sub-Saharan Africa,138.0,3.75,0.648,-2.2455284740288675,0.388,2022
Tanzania,Sub-Saharan Africa,139.0,3.702,0.848,-1.1063991281643513,0.425,2022
Sierra Leone,Sub-Saharan Africa,140.0,3.574,0.686,-1.75477149169101,0.273,2022
Lesotho*,,141.0,3.512,0.839,-0.2072750218373273,0.0,2022
Botswana*,,142.0,3.471,1.503,-0.3254865577289281,0.28,2022
Rwanda*,,143.0,3.268,0.785,-2.7685249661553435,0.462,2022
Zimbabwe,Sub-Saharan Africa,144.0,2.995,0.947,-0.7732575270152947,0.27,2022
Lebanon,Middle East and North Africa,145.0,2.955,1.392,-1.4610337358391534,0.631,2022
Afghanistan,South Asia,146.0,2.404,0.758,-3.244953277476037,0.289,2022
